Name,Gender,Country,Region
James,Male,United States,North America
John,Male,United States,North America
Robert,Male,United States,North America
Michael,Male,United States,North America
William,Male,United States,North America
David,Male,United States,North America
Joseph,Male,United States,North America
Thomas,Male,United States,North America
Charles,Male,United States,North America
Christopher,Male,United States,North America
Daniel,Male,United States,North America
Matthew,Male,United States,North America
Anthony,Male,United States,North America
Mark,Male,United States,North America
Donald,Male,United States,North America
AlJames,Male,United States,North America
DeJames,Male,United States,North America
ElJames,Male,United States,North America
LaJames,Male,United States,North America
SanJames,Male,United States,North America
VanJames,Male,United States,North America
VonJames,Male,United States,North America
DiJames,Male,United States,North America
LeJames,Male,United States,North America
O'James,Male,United States,North America
Jamesa,Male,United States,North America
Jamese,Male,United States,North America
Jamesi,Male,United States,North America
Jameso,Male,United States,North America
Jamesu,Male,United States,North America
Jamesson,Male,United States,North America
Jamessen,Male,United States,North America
Jamesov,Male,United States,North America
Jamesez,Male,United States,North America
Jamesian,Male,United States,North America
AlJohn,Male,United States,North America
DeJohn,Male,United States,North America
ElJohn,Male,United States,North America
LaJohn,Male,United States,North America
SanJohn,Male,United States,North America
VanJohn,Male,United States,North America
VonJohn,Male,United States,North America
DiJohn,Male,United States,North America
LeJohn,Male,United States,North America
O'John,Male,United States,North America
Johna,Male,United States,North America
Johne,Male,United States,North America
Johni,Male,United States,North America
Johno,Male,United States,North America
Johnu,Male,United States,North America
Johnson,Male,United States,North America
Johnsen,Male,United States,North America
Johnov,Male,United States,North America
Johnez,Male,United States,North America
Johnian,Male,United States,North America
AlRobert,Male,United States,North America
DeRobert,Male,United States,North America
ElRobert,Male,United States,North America
LaRobert,Male,United States,North America
SanRobert,Male,United States,North America
VanRobert,Male,United States,North America
VonRobert,Male,United States,North America
DiRobert,Male,United States,North America
LeRobert,Male,United States,North America
O'Robert,Male,United States,North America
Roberta,Male,United States,North America
Roberte,Male,United States,North America
Roberti,Male,United States,North America
Roberto,Male,United States,North America
Robertu,Male,United States,North America
Robertson,Male,United States,North America
Robertsen,Male,United States,North America
Robertov,Male,United States,North America
Robertez,Male,United States,North America
Robertian,Male,United States,North America
AlMichael,Male,United States,North America
DeMichael,Male,United States,North America
ElMichael,Male,United States,North America
LaMichael,Male,United States,North America
SanMichael,Male,United States,North America
VanMichael,Male,United States,North America
VonMichael,Male,United States,North America
DiMichael,Male,United States,North America
LeMichael,Male,United States,North America
O'Michael,Male,United States,North America
Michaela,Male,United States,North America
Michaele,Male,United States,North America
Michaeli,Male,United States,North America
Michaelo,Male,United States,North America
Michaelu,Male,United States,North America
Michaelson,Male,United States,North America
Michaelsen,Male,United States,North America
Michaelov,Male,United States,North America
Michaelez,Male,United States,North America
Michaelian,Male,United States,North America
AlWilliam,Male,United States,North America
DeWilliam,Male,United States,North America
ElWilliam,Male,United States,North America
LaWilliam,Male,United States,North America
SanWilliam,Male,United States,North America
VanWilliam,Male,United States,North America
VonWilliam,Male,United States,North America
DiWilliam,Male,United States,North America
LeWilliam,Male,United States,North America
O'William,Male,United States,North America
Williama,Male,United States,North America
Williame,Male,United States,North America
Williami,Male,United States,North America
Williamo,Male,United States,North America
Williamu,Male,United States,North America
Williamson,Male,United States,North America
Williamsen,Male,United States,North America
Williamov,Male,United States,North America
Williamez,Male,United States,North America
Williamian,Male,United States,North America
AlDavid,Male,United States,North America
DeDavid,Male,United States,North America
ElDavid,Male,United States,North America
LaDavid,Male,United States,North America
SanDavid,Male,United States,North America
VanDavid,Male,United States,North America
VonDavid,Male,United States,North America
DiDavid,Male,United States,North America
LeDavid,Male,United States,North America
O'David,Male,United States,North America
Mary,Female,United States,North America
Patricia,Female,United States,North America
Jennifer,Female,United States,North America
Linda,Female,United States,North America
Elizabeth,Female,United States,North America
Barbara,Female,United States,North America
Susan,Female,United States,North America
Jessica,Female,United States,North America
Sarah,Female,United States,North America
Karen,Female,United States,North America
Nancy,Female,United States,North America
Lisa,Female,United States,North America
Margaret,Female,United States,North America
Betty,Female,United States,North America
Sandra,Female,United States,North America
AlMary,Female,United States,North America
DeMary,Female,United States,North America
ElMary,Female,United States,North America
LaMary,Female,United States,North America
SanMary,Female,United States,North America
VanMary,Female,United States,North America
VonMary,Female,United States,North America
DiMary,Female,United States,North America
LeMary,Female,United States,North America
O'Mary,Female,United States,North America
Marya,Female,United States,North America
Marye,Female,United States,North America
Maryi,Female,United States,North America
Maryo,Female,United States,North America
Maryu,Female,United States,North America
Maryson,Female,United States,North America
Marysen,Female,United States,North America
Maryov,Female,United States,North America
Maryez,Female,United States,North America
Maryian,Female,United States,North America
AlPatricia,Female,United States,North America
DePatricia,Female,United States,North America
ElPatricia,Female,United States,North America
LaPatricia,Female,United States,North America
SanPatricia,Female,United States,North America
VanPatricia,Female,United States,North America
VonPatricia,Female,United States,North America
DiPatricia,Female,United States,North America
LePatricia,Female,United States,North America
O'Patricia,Female,United States,North America
Patriciaa,Female,United States,North America
Patriciae,Female,United States,North America
Patriciai,Female,United States,North America
Patriciao,Female,United States,North America
Patriciau,Female,United States,North America
Patriciason,Female,United States,North America
Patriciasen,Female,United States,North America
Patriciaov,Female,United States,North America
Patriciaez,Female,United States,North America
Patriciaian,Female,United States,North America
AlJennifer,Female,United States,North America
DeJennifer,Female,United States,North America
ElJennifer,Female,United States,North America
LaJennifer,Female,United States,North America
SanJennifer,Female,United States,North America
VanJennifer,Female,United States,North America
VonJennifer,Female,United States,North America
DiJennifer,Female,United States,North America
LeJennifer,Female,United States,North America
O'Jennifer,Female,United States,North America
Jennifera,Female,United States,North America
Jennifere,Female,United States,North America
Jenniferi,Female,United States,North America
Jennifero,Female,United States,North America
Jenniferu,Female,United States,North America
Jenniferson,Female,United States,North America
Jennifersen,Female,United States,North America
Jenniferov,Female,United States,North America
Jenniferez,Female,United States,North America
Jenniferian,Female,United States,North America
AlLinda,Female,United States,North America
DeLinda,Female,United States,North America
ElLinda,Female,United States,North America
LaLinda,Female,United States,North America
SanLinda,Female,United States,North America
VanLinda,Female,United States,North America
VonLinda,Female,United States,North America
DiLinda,Female,United States,North America
LeLinda,Female,United States,North America
O'Linda,Female,United States,North America
Lindaa,Female,United States,North America
Lindae,Female,United States,North America
Lindai,Female,United States,North America
Lindao,Female,United States,North America
Lindau,Female,United States,North America
Lindason,Female,United States,North America
Lindasen,Female,United States,North America
Lindaov,Female,United States,North America
Lindaez,Female,United States,North America
Lindaian,Female,United States,North America
AlElizabeth,Female,United States,North America
DeElizabeth,Female,United States,North America
ElElizabeth,Female,United States,North America
LaElizabeth,Female,United States,North America
SanElizabeth,Female,United States,North America
VanElizabeth,Female,United States,North America
VonElizabeth,Female,United States,North America
DiElizabeth,Female,United States,North America
LeElizabeth,Female,United States,North America
O'Elizabeth,Female,United States,North America
Elizabetha,Female,United States,North America
Elizabethe,Female,United States,North America
Elizabethi,Female,United States,North America
Elizabetho,Female,United States,North America
Elizabethu,Female,United States,North America
Elizabethson,Female,United States,North America
Elizabethsen,Female,United States,North America
Elizabethov,Female,United States,North America
Elizabethez,Female,United States,North America
Elizabethian,Female,United States,North America
AlBarbara,Female,United States,North America
DeBarbara,Female,United States,North America
ElBarbara,Female,United States,North America
LaBarbara,Female,United States,North America
SanBarbara,Female,United States,North America
VanBarbara,Female,United States,North America
VonBarbara,Female,United States,North America
DiBarbara,Female,United States,North America
LeBarbara,Female,United States,North America
O'Barbara,Female,United States,North America
Juan,Male,Mexico,North America
Jose,Male,Mexico,North America
Luis,Male,Mexico,North America
Carlos,Male,Mexico,North America
Jorge,Male,Mexico,North America
Pedro,Male,Mexico,North America
Miguel,Male,Mexico,North America
Angel,Male,Mexico,North America
Alejandro,Male,Mexico,North America
Fernando,Male,Mexico,North America
AlJuan,Male,Mexico,North America
DeJuan,Male,Mexico,North America
ElJuan,Male,Mexico,North America
LaJuan,Male,Mexico,North America
SanJuan,Male,Mexico,North America
VanJuan,Male,Mexico,North America
VonJuan,Male,Mexico,North America
DiJuan,Male,Mexico,North America
LeJuan,Male,Mexico,North America
O'Juan,Male,Mexico,North America
Juana,Male,Mexico,North America
Juane,Male,Mexico,North America
Juani,Male,Mexico,North America
Juano,Male,Mexico,North America
Juanu,Male,Mexico,North America
Juanson,Male,Mexico,North America
Juansen,Male,Mexico,North America
Juanov,Male,Mexico,North America
Juanez,Male,Mexico,North America
Juanian,Male,Mexico,North America
AlJose,Male,Mexico,North America
DeJose,Male,Mexico,North America
ElJose,Male,Mexico,North America
LaJose,Male,Mexico,North America
SanJose,Male,Mexico,North America
VanJose,Male,Mexico,North America
VonJose,Male,Mexico,North America
DiJose,Male,Mexico,North America
LeJose,Male,Mexico,North America
O'Jose,Male,Mexico,North America
Josea,Male,Mexico,North America
Josee,Male,Mexico,North America
Josei,Male,Mexico,North America
Joseo,Male,Mexico,North America
Joseu,Male,Mexico,North America
Joseson,Male,Mexico,North America
Josesen,Male,Mexico,North America
Joseov,Male,Mexico,North America
Joseez,Male,Mexico,North America
Joseian,Male,Mexico,North America
AlLuis,Male,Mexico,North America
DeLuis,Male,Mexico,North America
ElLuis,Male,Mexico,North America
LaLuis,Male,Mexico,North America
SanLuis,Male,Mexico,North America
VanLuis,Male,Mexico,North America
VonLuis,Male,Mexico,North America
DiLuis,Male,Mexico,North America
LeLuis,Male,Mexico,North America
O'Luis,Male,Mexico,North America
Luisa,Male,Mexico,North America
Luise,Male,Mexico,North America
Luisi,Male,Mexico,North America
Luiso,Male,Mexico,North America
Luisu,Male,Mexico,North America
Luisson,Male,Mexico,North America
Luissen,Male,Mexico,North America
Luisov,Male,Mexico,North America
Luisez,Male,Mexico,North America
Luisian,Male,Mexico,North America
AlCarlos,Male,Mexico,North America
DeCarlos,Male,Mexico,North America
ElCarlos,Male,Mexico,North America
LaCarlos,Male,Mexico,North America
SanCarlos,Male,Mexico,North America
VanCarlos,Male,Mexico,North America
VonCarlos,Male,Mexico,North America
DiCarlos,Male,Mexico,North America
LeCarlos,Male,Mexico,North America
O'Carlos,Male,Mexico,North America
Carlosa,Male,Mexico,North America
Carlose,Male,Mexico,North America
Carlosi,Male,Mexico,North America
Carloso,Male,Mexico,North America
Carlosu,Male,Mexico,North America
Carlosson,Male,Mexico,North America
Carlossen,Male,Mexico,North America
Carlosov,Male,Mexico,North America
Carlosez,Male,Mexico,North America
Carlosian,Male,Mexico,North America
AlJorge,Male,Mexico,North America
DeJorge,Male,Mexico,North America
ElJorge,Male,Mexico,North America
LaJorge,Male,Mexico,North America
SanJorge,Male,Mexico,North America
VanJorge,Male,Mexico,North America
VonJorge,Male,Mexico,North America
DiJorge,Male,Mexico,North America
LeJorge,Male,Mexico,North America
O'Jorge,Male,Mexico,North America
Jorgea,Male,Mexico,North America
Jorgee,Male,Mexico,North America
Jorgei,Male,Mexico,North America
Jorgeo,Male,Mexico,North America
Jorgeu,Male,Mexico,North America
Jorgeson,Male,Mexico,North America
Jorgesen,Male,Mexico,North America
Jorgeov,Male,Mexico,North America
Jorgeez,Male,Mexico,North America
Jorgeian,Male,Mexico,North America
AlPedro,Male,Mexico,North America
DePedro,Male,Mexico,North America
ElPedro,Male,Mexico,North America
LaPedro,Male,Mexico,North America
SanPedro,Male,Mexico,North America
VanPedro,Male,Mexico,North America
VonPedro,Male,Mexico,North America
DiPedro,Male,Mexico,North America
LePedro,Male,Mexico,North America
O'Pedro,Male,Mexico,North America
Pedroa,Male,Mexico,North America
Pedroe,Male,Mexico,North America
Pedroi,Male,Mexico,North America
Pedroo,Male,Mexico,North America
Pedrou,Male,Mexico,North America
Maria,Female,Mexico,North America
Guadalupe,Female,Mexico,North America
Juana,Female,Mexico,North America
Ana,Female,Mexico,North America
Leticia,Female,Mexico,North America
Rosa,Female,Mexico,North America
Carmen,Female,Mexico,North America
Patricia,Female,Mexico,North America
Laura,Female,Mexico,North America
Veronica,Female,Mexico,North America
AlMaria,Female,Mexico,North America
DeMaria,Female,Mexico,North America
ElMaria,Female,Mexico,North America
LaMaria,Female,Mexico,North America
SanMaria,Female,Mexico,North America
VanMaria,Female,Mexico,North America
VonMaria,Female,Mexico,North America
DiMaria,Female,Mexico,North America
LeMaria,Female,Mexico,North America
O'Maria,Female,Mexico,North America
Mariaa,Female,Mexico,North America
Mariae,Female,Mexico,North America
Mariai,Female,Mexico,North America
Mariao,Female,Mexico,North America
Mariau,Female,Mexico,North America
Mariason,Female,Mexico,North America
Mariasen,Female,Mexico,North America
Mariaov,Female,Mexico,North America
Mariaez,Female,Mexico,North America
Mariaian,Female,Mexico,North America
AlGuadalupe,Female,Mexico,North America
DeGuadalupe,Female,Mexico,North America
ElGuadalupe,Female,Mexico,North America
LaGuadalupe,Female,Mexico,North America
SanGuadalupe,Female,Mexico,North America
VanGuadalupe,Female,Mexico,North America
VonGuadalupe,Female,Mexico,North America
DiGuadalupe,Female,Mexico,North America
LeGuadalupe,Female,Mexico,North America
O'Guadalupe,Female,Mexico,North America
Guadalupea,Female,Mexico,North America
Guadalupee,Female,Mexico,North America
Guadalupei,Female,Mexico,North America
Guadalupeo,Female,Mexico,North America
Guadalupeu,Female,Mexico,North America
Guadalupeson,Female,Mexico,North America
Guadalupesen,Female,Mexico,North America
Guadalupeov,Female,Mexico,North America
Guadalupeez,Female,Mexico,North America
Guadalupeian,Female,Mexico,North America
AlJuana,Female,Mexico,North America
DeJuana,Female,Mexico,North America
ElJuana,Female,Mexico,North America
LaJuana,Female,Mexico,North America
SanJuana,Female,Mexico,North America
VanJuana,Female,Mexico,North America
VonJuana,Female,Mexico,North America
DiJuana,Female,Mexico,North America
LeJuana,Female,Mexico,North America
O'Juana,Female,Mexico,North America
Juanaa,Female,Mexico,North America
Juanae,Female,Mexico,North America
Juanai,Female,Mexico,North America
Juanao,Female,Mexico,North America
Juanau,Female,Mexico,North America
Juanason,Female,Mexico,North America
Juanasen,Female,Mexico,North America
Juanaov,Female,Mexico,North America
Juanaez,Female,Mexico,North America
Juanaian,Female,Mexico,North America
AlAna,Female,Mexico,North America
DeAna,Female,Mexico,North America
ElAna,Female,Mexico,North America
LaAna,Female,Mexico,North America
SanAna,Female,Mexico,North America
VanAna,Female,Mexico,North America
VonAna,Female,Mexico,North America
DiAna,Female,Mexico,North America
LeAna,Female,Mexico,North America
O'Ana,Female,Mexico,North America
Anaa,Female,Mexico,North America
Anae,Female,Mexico,North America
Anai,Female,Mexico,North America
Anao,Female,Mexico,North America
Anau,Female,Mexico,North America
Anason,Female,Mexico,North America
Anasen,Female,Mexico,North America
Anaov,Female,Mexico,North America
Anaez,Female,Mexico,North America
Anaian,Female,Mexico,North America
AlLeticia,Female,Mexico,North America
DeLeticia,Female,Mexico,North America
ElLeticia,Female,Mexico,North America
LaLeticia,Female,Mexico,North America
SanLeticia,Female,Mexico,North America
VanLeticia,Female,Mexico,North America
VonLeticia,Female,Mexico,North America
DiLeticia,Female,Mexico,North America
LeLeticia,Female,Mexico,North America
O'Leticia,Female,Mexico,North America
Leticiaa,Female,Mexico,North America
Leticiae,Female,Mexico,North America
Leticiai,Female,Mexico,North America
Leticiao,Female,Mexico,North America
Leticiau,Female,Mexico,North America
Leticiason,Female,Mexico,North America
Leticiasen,Female,Mexico,North America
Leticiaov,Female,Mexico,North America
Leticiaez,Female,Mexico,North America
Leticiaian,Female,Mexico,North America
AlRosa,Female,Mexico,North America
DeRosa,Female,Mexico,North America
ElRosa,Female,Mexico,North America
LaRosa,Female,Mexico,North America
SanRosa,Female,Mexico,North America
VanRosa,Female,Mexico,North America
VonRosa,Female,Mexico,North America
DiRosa,Female,Mexico,North America
LeRosa,Female,Mexico,North America
O'Rosa,Female,Mexico,North America
Rosaa,Female,Mexico,North America
Rosae,Female,Mexico,North America
Rosai,Female,Mexico,North America
Rosao,Female,Mexico,North America
Rosau,Female,Mexico,North America
Joao,Male,Brazil,South America
Gabriel,Male,Brazil,South America
Lucas,Male,Brazil,South America
Mateus,Male,Brazil,South America
Pedro,Male,Brazil,South America
Guilherme,Male,Brazil,South America
Rafael,Male,Brazil,South America
Daniel,Male,Brazil,South America
Bruno,Male,Brazil,South America
Felipe,Male,Brazil,South America
AlJoao,Male,Brazil,South America
DeJoao,Male,Brazil,South America
ElJoao,Male,Brazil,South America
LaJoao,Male,Brazil,South America
SanJoao,Male,Brazil,South America
VanJoao,Male,Brazil,South America
VonJoao,Male,Brazil,South America
DiJoao,Male,Brazil,South America
LeJoao,Male,Brazil,South America
O'Joao,Male,Brazil,South America
Joaoa,Male,Brazil,South America
Joaoe,Male,Brazil,South America
Joaoi,Male,Brazil,South America
Joaoo,Male,Brazil,South America
Joaou,Male,Brazil,South America
Joaoson,Male,Brazil,South America
Joaosen,Male,Brazil,South America
Joaoov,Male,Brazil,South America
Joaoez,Male,Brazil,South America
Joaoian,Male,Brazil,South America
AlGabriel,Male,Brazil,South America
DeGabriel,Male,Brazil,South America
ElGabriel,Male,Brazil,South America
LaGabriel,Male,Brazil,South America
SanGabriel,Male,Brazil,South America
VanGabriel,Male,Brazil,South America
VonGabriel,Male,Brazil,South America
DiGabriel,Male,Brazil,South America
LeGabriel,Male,Brazil,South America
O'Gabriel,Male,Brazil,South America
Gabriela,Male,Brazil,South America
Gabriele,Male,Brazil,South America
Gabrieli,Male,Brazil,South America
Gabrielo,Male,Brazil,South America
Gabrielu,Male,Brazil,South America
Gabrielson,Male,Brazil,South America
Gabrielsen,Male,Brazil,South America
Gabrielov,Male,Brazil,South America
Gabrielez,Male,Brazil,South America
Gabrielian,Male,Brazil,South America
AlLucas,Male,Brazil,South America
DeLucas,Male,Brazil,South America
ElLucas,Male,Brazil,South America
LaLucas,Male,Brazil,South America
SanLucas,Male,Brazil,South America
VanLucas,Male,Brazil,South America
VonLucas,Male,Brazil,South America
DiLucas,Male,Brazil,South America
LeLucas,Male,Brazil,South America
O'Lucas,Male,Brazil,South America
Lucasa,Male,Brazil,South America
Lucase,Male,Brazil,South America
Lucasi,Male,Brazil,South America
Lucaso,Male,Brazil,South America
Lucasu,Male,Brazil,South America
Lucasson,Male,Brazil,South America
Lucassen,Male,Brazil,South America
Lucasov,Male,Brazil,South America
Lucasez,Male,Brazil,South America
Lucasian,Male,Brazil,South America
AlMateus,Male,Brazil,South America
DeMateus,Male,Brazil,South America
ElMateus,Male,Brazil,South America
LaMateus,Male,Brazil,South America
SanMateus,Male,Brazil,South America
VanMateus,Male,Brazil,South America
VonMateus,Male,Brazil,South America
DiMateus,Male,Brazil,South America
LeMateus,Male,Brazil,South America
O'Mateus,Male,Brazil,South America
Mateusa,Male,Brazil,South America
Mateuse,Male,Brazil,South America
Mateusi,Male,Brazil,South America
Mateuso,Male,Brazil,South America
Mateusu,Male,Brazil,South America
Mateusson,Male,Brazil,South America
Mateussen,Male,Brazil,South America
Mateusov,Male,Brazil,South America
Mateusez,Male,Brazil,South America
Mateusian,Male,Brazil,South America
AlPedro,Male,Brazil,South America
DePedro,Male,Brazil,South America
ElPedro,Male,Brazil,South America
LaPedro,Male,Brazil,South America
SanPedro,Male,Brazil,South America
VanPedro,Male,Brazil,South America
VonPedro,Male,Brazil,South America
DiPedro,Male,Brazil,South America
LePedro,Male,Brazil,South America
O'Pedro,Male,Brazil,South America
Pedroa,Male,Brazil,South America
Pedroe,Male,Brazil,South America
Pedroi,Male,Brazil,South America
Pedroo,Male,Brazil,South America
Pedrou,Male,Brazil,South America
Pedroson,Male,Brazil,South America
Pedrosen,Male,Brazil,South America
Pedroov,Male,Brazil,South America
Pedroez,Male,Brazil,South America
Pedroian,Male,Brazil,South America
AlGuilherme,Male,Brazil,South America
DeGuilherme,Male,Brazil,South America
ElGuilherme,Male,Brazil,South America
LaGuilherme,Male,Brazil,South America
SanGuilherme,Male,Brazil,South America
VanGuilherme,Male,Brazil,South America
VonGuilherme,Male,Brazil,South America
DiGuilherme,Male,Brazil,South America
LeGuilherme,Male,Brazil,South America
O'Guilherme,Male,Brazil,South America
Guilhermea,Male,Brazil,South America
Guilhermee,Male,Brazil,South America
Guilhermei,Male,Brazil,South America
Guilhermeo,Male,Brazil,South America
Guilhermeu,Male,Brazil,South America
Maria,Female,Brazil,South America
Ana,Female,Brazil,South America
Julia,Female,Brazil,South America
Beatriz,Female,Brazil,South America
Mariana,Female,Brazil,South America
Fernanda,Female,Brazil,South America
Patricia,Female,Brazil,South America
Aline,Female,Brazil,South America
Camila,Female,Brazil,South America
Larissa,Female,Brazil,South America
AlMaria,Female,Brazil,South America
DeMaria,Female,Brazil,South America
ElMaria,Female,Brazil,South America
LaMaria,Female,Brazil,South America
SanMaria,Female,Brazil,South America
VanMaria,Female,Brazil,South America
VonMaria,Female,Brazil,South America
DiMaria,Female,Brazil,South America
LeMaria,Female,Brazil,South America
O'Maria,Female,Brazil,South America
Mariaa,Female,Brazil,South America
Mariae,Female,Brazil,South America
Mariai,Female,Brazil,South America
Mariao,Female,Brazil,South America
Mariau,Female,Brazil,South America
Mariason,Female,Brazil,South America
Mariasen,Female,Brazil,South America
Mariaov,Female,Brazil,South America
Mariaez,Female,Brazil,South America
Mariaian,Female,Brazil,South America
AlAna,Female,Brazil,South America
DeAna,Female,Brazil,South America
ElAna,Female,Brazil,South America
LaAna,Female,Brazil,South America
SanAna,Female,Brazil,South America
VanAna,Female,Brazil,South America
VonAna,Female,Brazil,South America
DiAna,Female,Brazil,South America
LeAna,Female,Brazil,South America
O'Ana,Female,Brazil,South America
Anaa,Female,Brazil,South America
Anae,Female,Brazil,South America
Anai,Female,Brazil,South America
Anao,Female,Brazil,South America
Anau,Female,Brazil,South America
Anason,Female,Brazil,South America
Anasen,Female,Brazil,South America
Anaov,Female,Brazil,South America
Anaez,Female,Brazil,South America
Anaian,Female,Brazil,South America
AlJulia,Female,Brazil,South America
DeJulia,Female,Brazil,South America
ElJulia,Female,Brazil,South America
LaJulia,Female,Brazil,South America
SanJulia,Female,Brazil,South America
VanJulia,Female,Brazil,South America
VonJulia,Female,Brazil,South America
DiJulia,Female,Brazil,South America
LeJulia,Female,Brazil,South America
O'Julia,Female,Brazil,South America
Juliaa,Female,Brazil,South America
Juliae,Female,Brazil,South America
Juliai,Female,Brazil,South America
Juliao,Female,Brazil,South America
Juliau,Female,Brazil,South America
Juliason,Female,Brazil,South America
Juliasen,Female,Brazil,South America
Juliaov,Female,Brazil,South America
Juliaez,Female,Brazil,South America
Juliaian,Female,Brazil,South America
AlBeatriz,Female,Brazil,South America
DeBeatriz,Female,Brazil,South America
ElBeatriz,Female,Brazil,South America
LaBeatriz,Female,Brazil,South America
SanBeatriz,Female,Brazil,South America
VanBeatriz,Female,Brazil,South America
VonBeatriz,Female,Brazil,South America
DiBeatriz,Female,Brazil,South America
LeBeatriz,Female,Brazil,South America
O'Beatriz,Female,Brazil,South America
Beatriza,Female,Brazil,South America
Beatrize,Female,Brazil,South America
Beatrizi,Female,Brazil,South America
Beatrizo,Female,Brazil,South America
Beatrizu,Female,Brazil,South America
Beatrizson,Female,Brazil,South America
Beatrizsen,Female,Brazil,South America
Beatrizov,Female,Brazil,South America
Beatrizez,Female,Brazil,South America
Beatrizian,Female,Brazil,South America
AlMariana,Female,Brazil,South America
DeMariana,Female,Brazil,South America
ElMariana,Female,Brazil,South America
LaMariana,Female,Brazil,South America
SanMariana,Female,Brazil,South America
VanMariana,Female,Brazil,South America
VonMariana,Female,Brazil,South America
DiMariana,Female,Brazil,South America
LeMariana,Female,Brazil,South America
O'Mariana,Female,Brazil,South America
Marianaa,Female,Brazil,South America
Marianae,Female,Brazil,South America
Marianai,Female,Brazil,South America
Marianao,Female,Brazil,South America
Marianau,Female,Brazil,South America
Marianason,Female,Brazil,South America
Marianasen,Female,Brazil,South America
Marianaov,Female,Brazil,South America
Marianaez,Female,Brazil,South America
Marianaian,Female,Brazil,South America
AlFernanda,Female,Brazil,South America
DeFernanda,Female,Brazil,South America
ElFernanda,Female,Brazil,South America
LaFernanda,Female,Brazil,South America
SanFernanda,Female,Brazil,South America
VanFernanda,Female,Brazil,South America
VonFernanda,Female,Brazil,South America
DiFernanda,Female,Brazil,South America
LeFernanda,Female,Brazil,South America
O'Fernanda,Female,Brazil,South America
Fernandaa,Female,Brazil,South America
Fernandae,Female,Brazil,South America
Fernandai,Female,Brazil,South America
Fernandao,Female,Brazil,South America
Fernandau,Female,Brazil,South America
Santiago,Male,Argentina,South America
Mateo,Male,Argentina,South America
Juan,Male,Argentina,South America
Lucas,Male,Argentina,South America
Matias,Male,Argentina,South America
Sebastian,Male,Argentina,South America
Nicolas,Male,Argentina,South America
Tomas,Male,Argentina,South America
Benjamin,Male,Argentina,South America
Franco,Male,Argentina,South America
AlSantiago,Male,Argentina,South America
DeSantiago,Male,Argentina,South America
ElSantiago,Male,Argentina,South America
LaSantiago,Male,Argentina,South America
SanSantiago,Male,Argentina,South America
VanSantiago,Male,Argentina,South America
VonSantiago,Male,Argentina,South America
DiSantiago,Male,Argentina,South America
LeSantiago,Male,Argentina,South America
O'Santiago,Male,Argentina,South America
Santiagoa,Male,Argentina,South America
Santiagoe,Male,Argentina,South America
Santiagoi,Male,Argentina,South America
Santiagoo,Male,Argentina,South America
Santiagou,Male,Argentina,South America
Santiagoson,Male,Argentina,South America
Santiagosen,Male,Argentina,South America
Santiagoov,Male,Argentina,South America
Santiagoez,Male,Argentina,South America
Santiagoian,Male,Argentina,South America
AlMateo,Male,Argentina,South America
DeMateo,Male,Argentina,South America
ElMateo,Male,Argentina,South America
LaMateo,Male,Argentina,South America
SanMateo,Male,Argentina,South America
VanMateo,Male,Argentina,South America
VonMateo,Male,Argentina,South America
DiMateo,Male,Argentina,South America
LeMateo,Male,Argentina,South America
O'Mateo,Male,Argentina,South America
Mateoa,Male,Argentina,South America
Mateoe,Male,Argentina,South America
Mateoi,Male,Argentina,South America
Mateoo,Male,Argentina,South America
Mateou,Male,Argentina,South America
Mateoson,Male,Argentina,South America
Mateosen,Male,Argentina,South America
Mateoov,Male,Argentina,South America
Mateoez,Male,Argentina,South America
Mateoian,Male,Argentina,South America
AlJuan,Male,Argentina,South America
DeJuan,Male,Argentina,South America
ElJuan,Male,Argentina,South America
LaJuan,Male,Argentina,South America
SanJuan,Male,Argentina,South America
VanJuan,Male,Argentina,South America
VonJuan,Male,Argentina,South America
DiJuan,Male,Argentina,South America
LeJuan,Male,Argentina,South America
O'Juan,Male,Argentina,South America
Juana,Male,Argentina,South America
Juane,Male,Argentina,South America
Juani,Male,Argentina,South America
Juano,Male,Argentina,South America
Juanu,Male,Argentina,South America
Juanson,Male,Argentina,South America
Juansen,Male,Argentina,South America
Juanov,Male,Argentina,South America
Juanez,Male,Argentina,South America
Juanian,Male,Argentina,South America
AlLucas,Male,Argentina,South America
DeLucas,Male,Argentina,South America
ElLucas,Male,Argentina,South America
LaLucas,Male,Argentina,South America
SanLucas,Male,Argentina,South America
VanLucas,Male,Argentina,South America
VonLucas,Male,Argentina,South America
DiLucas,Male,Argentina,South America
LeLucas,Male,Argentina,South America
O'Lucas,Male,Argentina,South America
Lucasa,Male,Argentina,South America
Lucase,Male,Argentina,South America
Lucasi,Male,Argentina,South America
Lucaso,Male,Argentina,South America
Lucasu,Male,Argentina,South America
Lucasson,Male,Argentina,South America
Lucassen,Male,Argentina,South America
Lucasov,Male,Argentina,South America
Lucasez,Male,Argentina,South America
Lucasian,Male,Argentina,South America
AlMatias,Male,Argentina,South America
DeMatias,Male,Argentina,South America
ElMatias,Male,Argentina,South America
LaMatias,Male,Argentina,South America
SanMatias,Male,Argentina,South America
VanMatias,Male,Argentina,South America
VonMatias,Male,Argentina,South America
DiMatias,Male,Argentina,South America
LeMatias,Male,Argentina,South America
O'Matias,Male,Argentina,South America
Matiasa,Male,Argentina,South America
Matiase,Male,Argentina,South America
Matiasi,Male,Argentina,South America
Matiaso,Male,Argentina,South America
Matiasu,Male,Argentina,South America
Matiasson,Male,Argentina,South America
Matiassen,Male,Argentina,South America
Matiasov,Male,Argentina,South America
Matiasez,Male,Argentina,South America
Matiasian,Male,Argentina,South America
AlSebastian,Male,Argentina,South America
DeSebastian,Male,Argentina,South America
ElSebastian,Male,Argentina,South America
LaSebastian,Male,Argentina,South America
SanSebastian,Male,Argentina,South America
VanSebastian,Male,Argentina,South America
VonSebastian,Male,Argentina,South America
DiSebastian,Male,Argentina,South America
LeSebastian,Male,Argentina,South America
O'Sebastian,Male,Argentina,South America
Sebastiana,Male,Argentina,South America
Sebastiane,Male,Argentina,South America
Sebastiani,Male,Argentina,South America
Sebastiano,Male,Argentina,South America
Sebastianu,Male,Argentina,South America
Sofia,Female,Argentina,South America
Valentina,Female,Argentina,South America
Isabella,Female,Argentina,South America
Camila,Female,Argentina,South America
Martina,Female,Argentina,South America
Lucia,Female,Argentina,South America
Valeria,Female,Argentina,South America
Julieta,Female,Argentina,South America
Victoria,Female,Argentina,South America
Maria,Female,Argentina,South America
AlSofia,Female,Argentina,South America
DeSofia,Female,Argentina,South America
ElSofia,Female,Argentina,South America
LaSofia,Female,Argentina,South America
SanSofia,Female,Argentina,South America
VanSofia,Female,Argentina,South America
VonSofia,Female,Argentina,South America
DiSofia,Female,Argentina,South America
LeSofia,Female,Argentina,South America
O'Sofia,Female,Argentina,South America
Sofiaa,Female,Argentina,South America
Sofiae,Female,Argentina,South America
Sofiai,Female,Argentina,South America
Sofiao,Female,Argentina,South America
Sofiau,Female,Argentina,South America
Sofiason,Female,Argentina,South America
Sofiasen,Female,Argentina,South America
Sofiaov,Female,Argentina,South America
Sofiaez,Female,Argentina,South America
Sofiaian,Female,Argentina,South America
AlValentina,Female,Argentina,South America
DeValentina,Female,Argentina,South America
ElValentina,Female,Argentina,South America
LaValentina,Female,Argentina,South America
SanValentina,Female,Argentina,South America
VanValentina,Female,Argentina,South America
VonValentina,Female,Argentina,South America
DiValentina,Female,Argentina,South America
LeValentina,Female,Argentina,South America
O'Valentina,Female,Argentina,South America
Valentinaa,Female,Argentina,South America
Valentinae,Female,Argentina,South America
Valentinai,Female,Argentina,South America
Valentinao,Female,Argentina,South America
Valentinau,Female,Argentina,South America
Valentinason,Female,Argentina,South America
Valentinasen,Female,Argentina,South America
Valentinaov,Female,Argentina,South America
Valentinaez,Female,Argentina,South America
Valentinaian,Female,Argentina,South America
AlIsabella,Female,Argentina,South America
DeIsabella,Female,Argentina,South America
ElIsabella,Female,Argentina,South America
LaIsabella,Female,Argentina,South America
SanIsabella,Female,Argentina,South America
VanIsabella,Female,Argentina,South America
VonIsabella,Female,Argentina,South America
DiIsabella,Female,Argentina,South America
LeIsabella,Female,Argentina,South America
O'Isabella,Female,Argentina,South America
Isabellaa,Female,Argentina,South America
Isabellae,Female,Argentina,South America
Isabellai,Female,Argentina,South America
Isabellao,Female,Argentina,South America
Isabellau,Female,Argentina,South America
Isabellason,Female,Argentina,South America
Isabellasen,Female,Argentina,South America
Isabellaov,Female,Argentina,South America
Isabellaez,Female,Argentina,South America
Isabellaian,Female,Argentina,South America
AlCamila,Female,Argentina,South America
DeCamila,Female,Argentina,South America
ElCamila,Female,Argentina,South America
LaCamila,Female,Argentina,South America
SanCamila,Female,Argentina,South America
VanCamila,Female,Argentina,South America
VonCamila,Female,Argentina,South America
DiCamila,Female,Argentina,South America
LeCamila,Female,Argentina,South America
O'Camila,Female,Argentina,South America
Camilaa,Female,Argentina,South America
Camilae,Female,Argentina,South America
Camilai,Female,Argentina,South America
Camilao,Female,Argentina,South America
Camilau,Female,Argentina,South America
Camilason,Female,Argentina,South America
Camilasen,Female,Argentina,South America
Camilaov,Female,Argentina,South America
Camilaez,Female,Argentina,South America
Camilaian,Female,Argentina,South America
AlMartina,Female,Argentina,South America
DeMartina,Female,Argentina,South America
ElMartina,Female,Argentina,South America
LaMartina,Female,Argentina,South America
SanMartina,Female,Argentina,South America
VanMartina,Female,Argentina,South America
VonMartina,Female,Argentina,South America
DiMartina,Female,Argentina,South America
LeMartina,Female,Argentina,South America
O'Martina,Female,Argentina,South America
Martinaa,Female,Argentina,South America
Martinae,Female,Argentina,South America
Martinai,Female,Argentina,South America
Martinao,Female,Argentina,South America
Martinau,Female,Argentina,South America
Martinason,Female,Argentina,South America
Martinasen,Female,Argentina,South America
Martinaov,Female,Argentina,South America
Martinaez,Female,Argentina,South America
Martinaian,Female,Argentina,South America
AlLucia,Female,Argentina,South America
DeLucia,Female,Argentina,South America
ElLucia,Female,Argentina,South America
LaLucia,Female,Argentina,South America
SanLucia,Female,Argentina,South America
VanLucia,Female,Argentina,South America
VonLucia,Female,Argentina,South America
DiLucia,Female,Argentina,South America
LeLucia,Female,Argentina,South America
O'Lucia,Female,Argentina,South America
Luciaa,Female,Argentina,South America
Luciae,Female,Argentina,South America
Luciai,Female,Argentina,South America
Luciao,Female,Argentina,South America
Luciau,Female,Argentina,South America
Oliver,Male,United Kingdom,Europe
George,Male,United Kingdom,Europe
Harry,Male,United Kingdom,Europe
Jack,Male,United Kingdom,Europe
Jacob,Male,United Kingdom,Europe
Noah,Male,United Kingdom,Europe
Charlie,Male,United Kingdom,Europe
Thomas,Male,United Kingdom,Europe
Oscar,Male,United Kingdom,Europe
William,Male,United Kingdom,Europe
AlOliver,Male,United Kingdom,Europe
DeOliver,Male,United Kingdom,Europe
ElOliver,Male,United Kingdom,Europe
LaOliver,Male,United Kingdom,Europe
SanOliver,Male,United Kingdom,Europe
VanOliver,Male,United Kingdom,Europe
VonOliver,Male,United Kingdom,Europe
DiOliver,Male,United Kingdom,Europe
LeOliver,Male,United Kingdom,Europe
O'Oliver,Male,United Kingdom,Europe
Olivera,Male,United Kingdom,Europe
Olivere,Male,United Kingdom,Europe
Oliveri,Male,United Kingdom,Europe
Olivero,Male,United Kingdom,Europe
Oliveru,Male,United Kingdom,Europe
Oliverson,Male,United Kingdom,Europe
Oliversen,Male,United Kingdom,Europe
Oliverov,Male,United Kingdom,Europe
Oliverez,Male,United Kingdom,Europe
Oliverian,Male,United Kingdom,Europe
AlGeorge,Male,United Kingdom,Europe
DeGeorge,Male,United Kingdom,Europe
ElGeorge,Male,United Kingdom,Europe
LaGeorge,Male,United Kingdom,Europe
SanGeorge,Male,United Kingdom,Europe
VanGeorge,Male,United Kingdom,Europe
VonGeorge,Male,United Kingdom,Europe
DiGeorge,Male,United Kingdom,Europe
LeGeorge,Male,United Kingdom,Europe
O'George,Male,United Kingdom,Europe
Georgea,Male,United Kingdom,Europe
Georgee,Male,United Kingdom,Europe
Georgei,Male,United Kingdom,Europe
Georgeo,Male,United Kingdom,Europe
Georgeu,Male,United Kingdom,Europe
Georgeson,Male,United Kingdom,Europe
Georgesen,Male,United Kingdom,Europe
Georgeov,Male,United Kingdom,Europe
Georgeez,Male,United Kingdom,Europe
Georgeian,Male,United Kingdom,Europe
AlHarry,Male,United Kingdom,Europe
DeHarry,Male,United Kingdom,Europe
ElHarry,Male,United Kingdom,Europe
LaHarry,Male,United Kingdom,Europe
SanHarry,Male,United Kingdom,Europe
VanHarry,Male,United Kingdom,Europe
VonHarry,Male,United Kingdom,Europe
DiHarry,Male,United Kingdom,Europe
LeHarry,Male,United Kingdom,Europe
O'Harry,Male,United Kingdom,Europe
Harrya,Male,United Kingdom,Europe
Harrye,Male,United Kingdom,Europe
Harryi,Male,United Kingdom,Europe
Harryo,Male,United Kingdom,Europe
Harryu,Male,United Kingdom,Europe
Harryson,Male,United Kingdom,Europe
Harrysen,Male,United Kingdom,Europe
Harryov,Male,United Kingdom,Europe
Harryez,Male,United Kingdom,Europe
Harryian,Male,United Kingdom,Europe
AlJack,Male,United Kingdom,Europe
DeJack,Male,United Kingdom,Europe
ElJack,Male,United Kingdom,Europe
LaJack,Male,United Kingdom,Europe
SanJack,Male,United Kingdom,Europe
VanJack,Male,United Kingdom,Europe
VonJack,Male,United Kingdom,Europe
DiJack,Male,United Kingdom,Europe
LeJack,Male,United Kingdom,Europe
O'Jack,Male,United Kingdom,Europe
Jacka,Male,United Kingdom,Europe
Jacke,Male,United Kingdom,Europe
Jacki,Male,United Kingdom,Europe
Jacko,Male,United Kingdom,Europe
Jacku,Male,United Kingdom,Europe
Jackson,Male,United Kingdom,Europe
Jacksen,Male,United Kingdom,Europe
Jackov,Male,United Kingdom,Europe
Jackez,Male,United Kingdom,Europe
Jackian,Male,United Kingdom,Europe
AlJacob,Male,United Kingdom,Europe
DeJacob,Male,United Kingdom,Europe
ElJacob,Male,United Kingdom,Europe
LaJacob,Male,United Kingdom,Europe
SanJacob,Male,United Kingdom,Europe
VanJacob,Male,United Kingdom,Europe
VonJacob,Male,United Kingdom,Europe
DiJacob,Male,United Kingdom,Europe
LeJacob,Male,United Kingdom,Europe
O'Jacob,Male,United Kingdom,Europe
Jacoba,Male,United Kingdom,Europe
Jacobe,Male,United Kingdom,Europe
Jacobi,Male,United Kingdom,Europe
Jacobo,Male,United Kingdom,Europe
Jacobu,Male,United Kingdom,Europe
Jacobson,Male,United Kingdom,Europe
Jacobsen,Male,United Kingdom,Europe
Jacobov,Male,United Kingdom,Europe
Jacobez,Male,United Kingdom,Europe
Jacobian,Male,United Kingdom,Europe
AlNoah,Male,United Kingdom,Europe
DeNoah,Male,United Kingdom,Europe
ElNoah,Male,United Kingdom,Europe
LaNoah,Male,United Kingdom,Europe
SanNoah,Male,United Kingdom,Europe
VanNoah,Male,United Kingdom,Europe
VonNoah,Male,United Kingdom,Europe
DiNoah,Male,United Kingdom,Europe
LeNoah,Male,United Kingdom,Europe
O'Noah,Male,United Kingdom,Europe
Noaha,Male,United Kingdom,Europe
Noahe,Male,United Kingdom,Europe
Noahi,Male,United Kingdom,Europe
Noaho,Male,United Kingdom,Europe
Noahu,Male,United Kingdom,Europe
Olivia,Female,United Kingdom,Europe
Amelia,Female,United Kingdom,Europe
Isla,Female,United Kingdom,Europe
Ava,Female,United Kingdom,Europe
Emily,Female,United Kingdom,Europe
Sophia,Female,United Kingdom,Europe
Grace,Female,United Kingdom,Europe
Mia,Female,United Kingdom,Europe
Poppy,Female,United Kingdom,Europe
Ella,Female,United Kingdom,Europe
AlOlivia,Female,United Kingdom,Europe
DeOlivia,Female,United Kingdom,Europe
ElOlivia,Female,United Kingdom,Europe
LaOlivia,Female,United Kingdom,Europe
SanOlivia,Female,United Kingdom,Europe
VanOlivia,Female,United Kingdom,Europe
VonOlivia,Female,United Kingdom,Europe
DiOlivia,Female,United Kingdom,Europe
LeOlivia,Female,United Kingdom,Europe
O'Olivia,Female,United Kingdom,Europe
Oliviaa,Female,United Kingdom,Europe
Oliviae,Female,United Kingdom,Europe
Oliviai,Female,United Kingdom,Europe
Oliviao,Female,United Kingdom,Europe
Oliviau,Female,United Kingdom,Europe
Oliviason,Female,United Kingdom,Europe
Oliviasen,Female,United Kingdom,Europe
Oliviaov,Female,United Kingdom,Europe
Oliviaez,Female,United Kingdom,Europe
Oliviaian,Female,United Kingdom,Europe
AlAmelia,Female,United Kingdom,Europe
DeAmelia,Female,United Kingdom,Europe
ElAmelia,Female,United Kingdom,Europe
LaAmelia,Female,United Kingdom,Europe
SanAmelia,Female,United Kingdom,Europe
VanAmelia,Female,United Kingdom,Europe
VonAmelia,Female,United Kingdom,Europe
DiAmelia,Female,United Kingdom,Europe
LeAmelia,Female,United Kingdom,Europe
O'Amelia,Female,United Kingdom,Europe
Ameliaa,Female,United Kingdom,Europe
Ameliae,Female,United Kingdom,Europe
Ameliai,Female,United Kingdom,Europe
Ameliao,Female,United Kingdom,Europe
Ameliau,Female,United Kingdom,Europe
Ameliason,Female,United Kingdom,Europe
Ameliasen,Female,United Kingdom,Europe
Ameliaov,Female,United Kingdom,Europe
Ameliaez,Female,United Kingdom,Europe
Ameliaian,Female,United Kingdom,Europe
AlIsla,Female,United Kingdom,Europe
DeIsla,Female,United Kingdom,Europe
ElIsla,Female,United Kingdom,Europe
LaIsla,Female,United Kingdom,Europe
SanIsla,Female,United Kingdom,Europe
VanIsla,Female,United Kingdom,Europe
VonIsla,Female,United Kingdom,Europe
DiIsla,Female,United Kingdom,Europe
LeIsla,Female,United Kingdom,Europe
O'Isla,Female,United Kingdom,Europe
Islaa,Female,United Kingdom,Europe
Islae,Female,United Kingdom,Europe
Islai,Female,United Kingdom,Europe
Islao,Female,United Kingdom,Europe
Islau,Female,United Kingdom,Europe
Islason,Female,United Kingdom,Europe
Islasen,Female,United Kingdom,Europe
Islaov,Female,United Kingdom,Europe
Islaez,Female,United Kingdom,Europe
Islaian,Female,United Kingdom,Europe
AlAva,Female,United Kingdom,Europe
DeAva,Female,United Kingdom,Europe
ElAva,Female,United Kingdom,Europe
LaAva,Female,United Kingdom,Europe
SanAva,Female,United Kingdom,Europe
VanAva,Female,United Kingdom,Europe
VonAva,Female,United Kingdom,Europe
DiAva,Female,United Kingdom,Europe
LeAva,Female,United Kingdom,Europe
O'Ava,Female,United Kingdom,Europe
Avaa,Female,United Kingdom,Europe
Avae,Female,United Kingdom,Europe
Avai,Female,United Kingdom,Europe
Avao,Female,United Kingdom,Europe
Avau,Female,United Kingdom,Europe
Avason,Female,United Kingdom,Europe
Avasen,Female,United Kingdom,Europe
Avaov,Female,United Kingdom,Europe
Avaez,Female,United Kingdom,Europe
Avaian,Female,United Kingdom,Europe
AlEmily,Female,United Kingdom,Europe
DeEmily,Female,United Kingdom,Europe
ElEmily,Female,United Kingdom,Europe
LaEmily,Female,United Kingdom,Europe
SanEmily,Female,United Kingdom,Europe
VanEmily,Female,United Kingdom,Europe
VonEmily,Female,United Kingdom,Europe
DiEmily,Female,United Kingdom,Europe
LeEmily,Female,United Kingdom,Europe
O'Emily,Female,United Kingdom,Europe
Emilya,Female,United Kingdom,Europe
Emilye,Female,United Kingdom,Europe
Emilyi,Female,United Kingdom,Europe
Emilyo,Female,United Kingdom,Europe
Emilyu,Female,United Kingdom,Europe
Emilyson,Female,United Kingdom,Europe
Emilysen,Female,United Kingdom,Europe
Emilyov,Female,United Kingdom,Europe
Emilyez,Female,United Kingdom,Europe
Emilyian,Female,United Kingdom,Europe
AlSophia,Female,United Kingdom,Europe
DeSophia,Female,United Kingdom,Europe
ElSophia,Female,United Kingdom,Europe
LaSophia,Female,United Kingdom,Europe
SanSophia,Female,United Kingdom,Europe
VanSophia,Female,United Kingdom,Europe
VonSophia,Female,United Kingdom,Europe
DiSophia,Female,United Kingdom,Europe
LeSophia,Female,United Kingdom,Europe
O'Sophia,Female,United Kingdom,Europe
Sophiaa,Female,United Kingdom,Europe
Sophiae,Female,United Kingdom,Europe
Sophiai,Female,United Kingdom,Europe
Sophiao,Female,United Kingdom,Europe
Sophiau,Female,United Kingdom,Europe
Maximilian,Male,Germany,Europe
Alexander,Male,Germany,Europe
Paul,Male,Germany,Europe
Leon,Male,Germany,Europe
Lukas,Male,Germany,Europe
Jonas,Male,Germany,Europe
Felix,Male,Germany,Europe
Finn,Male,Germany,Europe
Noah,Male,Germany,Europe
Elias,Male,Germany,Europe
AlMaximilian,Male,Germany,Europe
DeMaximilian,Male,Germany,Europe
ElMaximilian,Male,Germany,Europe
LaMaximilian,Male,Germany,Europe
SanMaximilian,Male,Germany,Europe
VanMaximilian,Male,Germany,Europe
VonMaximilian,Male,Germany,Europe
DiMaximilian,Male,Germany,Europe
LeMaximilian,Male,Germany,Europe
O'Maximilian,Male,Germany,Europe
Maximiliana,Male,Germany,Europe
Maximiliane,Male,Germany,Europe
Maximiliani,Male,Germany,Europe
Maximiliano,Male,Germany,Europe
Maximilianu,Male,Germany,Europe
Maximilianson,Male,Germany,Europe
Maximiliansen,Male,Germany,Europe
Maximilianov,Male,Germany,Europe
Maximilianez,Male,Germany,Europe
Maximilianian,Male,Germany,Europe
AlAlexander,Male,Germany,Europe
DeAlexander,Male,Germany,Europe
ElAlexander,Male,Germany,Europe
LaAlexander,Male,Germany,Europe
SanAlexander,Male,Germany,Europe
VanAlexander,Male,Germany,Europe
VonAlexander,Male,Germany,Europe
DiAlexander,Male,Germany,Europe
LeAlexander,Male,Germany,Europe
O'Alexander,Male,Germany,Europe
Alexandera,Male,Germany,Europe
Alexandere,Male,Germany,Europe
Alexanderi,Male,Germany,Europe
Alexandero,Male,Germany,Europe
Alexanderu,Male,Germany,Europe
Alexanderson,Male,Germany,Europe
Alexandersen,Male,Germany,Europe
Alexanderov,Male,Germany,Europe
Alexanderez,Male,Germany,Europe
Alexanderian,Male,Germany,Europe
AlPaul,Male,Germany,Europe
DePaul,Male,Germany,Europe
ElPaul,Male,Germany,Europe
LaPaul,Male,Germany,Europe
SanPaul,Male,Germany,Europe
VanPaul,Male,Germany,Europe
VonPaul,Male,Germany,Europe
DiPaul,Male,Germany,Europe
LePaul,Male,Germany,Europe
O'Paul,Male,Germany,Europe
Paula,Male,Germany,Europe
Paule,Male,Germany,Europe
Pauli,Male,Germany,Europe
Paulo,Male,Germany,Europe
Paulu,Male,Germany,Europe
Paulson,Male,Germany,Europe
Paulsen,Male,Germany,Europe
Paulov,Male,Germany,Europe
Paulez,Male,Germany,Europe
Paulian,Male,Germany,Europe
AlLeon,Male,Germany,Europe
DeLeon,Male,Germany,Europe
ElLeon,Male,Germany,Europe
LaLeon,Male,Germany,Europe
SanLeon,Male,Germany,Europe
VanLeon,Male,Germany,Europe
VonLeon,Male,Germany,Europe
DiLeon,Male,Germany,Europe
LeLeon,Male,Germany,Europe
O'Leon,Male,Germany,Europe
Leona,Male,Germany,Europe
Leone,Male,Germany,Europe
Leoni,Male,Germany,Europe
Leono,Male,Germany,Europe
Leonu,Male,Germany,Europe
Leonson,Male,Germany,Europe
Leonsen,Male,Germany,Europe
Leonov,Male,Germany,Europe
Leonez,Male,Germany,Europe
Leonian,Male,Germany,Europe
AlLukas,Male,Germany,Europe
DeLukas,Male,Germany,Europe
ElLukas,Male,Germany,Europe
LaLukas,Male,Germany,Europe
SanLukas,Male,Germany,Europe
VanLukas,Male,Germany,Europe
VonLukas,Male,Germany,Europe
DiLukas,Male,Germany,Europe
LeLukas,Male,Germany,Europe
O'Lukas,Male,Germany,Europe
Lukasa,Male,Germany,Europe
Lukase,Male,Germany,Europe
Lukasi,Male,Germany,Europe
Lukaso,Male,Germany,Europe
Lukasu,Male,Germany,Europe
Lukasson,Male,Germany,Europe
Lukassen,Male,Germany,Europe
Lukasov,Male,Germany,Europe
Lukasez,Male,Germany,Europe
Lukasian,Male,Germany,Europe
AlJonas,Male,Germany,Europe
DeJonas,Male,Germany,Europe
ElJonas,Male,Germany,Europe
LaJonas,Male,Germany,Europe
SanJonas,Male,Germany,Europe
VanJonas,Male,Germany,Europe
VonJonas,Male,Germany,Europe
DiJonas,Male,Germany,Europe
LeJonas,Male,Germany,Europe
O'Jonas,Male,Germany,Europe
Jonasa,Male,Germany,Europe
Jonase,Male,Germany,Europe
Jonasi,Male,Germany,Europe
Jonaso,Male,Germany,Europe
Jonasu,Male,Germany,Europe
Marie,Female,Germany,Europe
Sophie,Female,Germany,Europe
Maria,Female,Germany,Europe
Anna,Female,Germany,Europe
Laura,Female,Germany,Europe
Lea,Female,Germany,Europe
Lena,Female,Germany,Europe
Julia,Female,Germany,Europe
Sarah,Female,Germany,Europe
Katharina,Female,Germany,Europe
AlMarie,Female,Germany,Europe
DeMarie,Female,Germany,Europe
ElMarie,Female,Germany,Europe
LaMarie,Female,Germany,Europe
SanMarie,Female,Germany,Europe
VanMarie,Female,Germany,Europe
VonMarie,Female,Germany,Europe
DiMarie,Female,Germany,Europe
LeMarie,Female,Germany,Europe
O'Marie,Female,Germany,Europe
Mariea,Female,Germany,Europe
Mariee,Female,Germany,Europe
Mariei,Female,Germany,Europe
Marieo,Female,Germany,Europe
Marieu,Female,Germany,Europe
Marieson,Female,Germany,Europe
Mariesen,Female,Germany,Europe
Marieov,Female,Germany,Europe
Marieez,Female,Germany,Europe
Marieian,Female,Germany,Europe
AlSophie,Female,Germany,Europe
DeSophie,Female,Germany,Europe
ElSophie,Female,Germany,Europe
LaSophie,Female,Germany,Europe
SanSophie,Female,Germany,Europe
VanSophie,Female,Germany,Europe
VonSophie,Female,Germany,Europe
DiSophie,Female,Germany,Europe
LeSophie,Female,Germany,Europe
O'Sophie,Female,Germany,Europe
Sophiea,Female,Germany,Europe
Sophiee,Female,Germany,Europe
Sophiei,Female,Germany,Europe
Sophieo,Female,Germany,Europe
Sophieu,Female,Germany,Europe
Sophieson,Female,Germany,Europe
Sophiesen,Female,Germany,Europe
Sophieov,Female,Germany,Europe
Sophieez,Female,Germany,Europe
Sophieian,Female,Germany,Europe
AlMaria,Female,Germany,Europe
DeMaria,Female,Germany,Europe
ElMaria,Female,Germany,Europe
LaMaria,Female,Germany,Europe
SanMaria,Female,Germany,Europe
VanMaria,Female,Germany,Europe
VonMaria,Female,Germany,Europe
DiMaria,Female,Germany,Europe
LeMaria,Female,Germany,Europe
O'Maria,Female,Germany,Europe
Mariaa,Female,Germany,Europe
Mariae,Female,Germany,Europe
Mariai,Female,Germany,Europe
Mariao,Female,Germany,Europe
Mariau,Female,Germany,Europe
Mariason,Female,Germany,Europe
Mariasen,Female,Germany,Europe
Mariaov,Female,Germany,Europe
Mariaez,Female,Germany,Europe
Mariaian,Female,Germany,Europe
AlAnna,Female,Germany,Europe
DeAnna,Female,Germany,Europe
ElAnna,Female,Germany,Europe
LaAnna,Female,Germany,Europe
SanAnna,Female,Germany,Europe
VanAnna,Female,Germany,Europe
VonAnna,Female,Germany,Europe
DiAnna,Female,Germany,Europe
LeAnna,Female,Germany,Europe
O'Anna,Female,Germany,Europe
Annaa,Female,Germany,Europe
Annae,Female,Germany,Europe
Annai,Female,Germany,Europe
Annao,Female,Germany,Europe
Annau,Female,Germany,Europe
Annason,Female,Germany,Europe
Annasen,Female,Germany,Europe
Annaov,Female,Germany,Europe
Annaez,Female,Germany,Europe
Annaian,Female,Germany,Europe
AlLaura,Female,Germany,Europe
DeLaura,Female,Germany,Europe
ElLaura,Female,Germany,Europe
LaLaura,Female,Germany,Europe
SanLaura,Female,Germany,Europe
VanLaura,Female,Germany,Europe
VonLaura,Female,Germany,Europe
DiLaura,Female,Germany,Europe
LeLaura,Female,Germany,Europe
O'Laura,Female,Germany,Europe
Lauraa,Female,Germany,Europe
Laurae,Female,Germany,Europe
Laurai,Female,Germany,Europe
Laurao,Female,Germany,Europe
Laurau,Female,Germany,Europe
Laurason,Female,Germany,Europe
Laurasen,Female,Germany,Europe
Lauraov,Female,Germany,Europe
Lauraez,Female,Germany,Europe
Lauraian,Female,Germany,Europe
AlLea,Female,Germany,Europe
DeLea,Female,Germany,Europe
ElLea,Female,Germany,Europe
LaLea,Female,Germany,Europe
SanLea,Female,Germany,Europe
VanLea,Female,Germany,Europe
VonLea,Female,Germany,Europe
DiLea,Female,Germany,Europe
LeLea,Female,Germany,Europe
O'Lea,Female,Germany,Europe
Leaa,Female,Germany,Europe
Leae,Female,Germany,Europe
Leai,Female,Germany,Europe
Leao,Female,Germany,Europe
Leau,Female,Germany,Europe
Chinedu,Male,Nigeria,Africa
Oluwaseun,Male,Nigeria,Africa
Emeka,Male,Nigeria,Africa
Ibrahim,Male,Nigeria,Africa
Sani,Male,Nigeria,Africa
Abdul,Male,Nigeria,Africa
Tunde,Male,Nigeria,Africa
Adewale,Male,Nigeria,Africa
Kunle,Male,Nigeria,Africa
Segun,Male,Nigeria,Africa
AlChinedu,Male,Nigeria,Africa
DeChinedu,Male,Nigeria,Africa
ElChinedu,Male,Nigeria,Africa
LaChinedu,Male,Nigeria,Africa
SanChinedu,Male,Nigeria,Africa
VanChinedu,Male,Nigeria,Africa
VonChinedu,Male,Nigeria,Africa
DiChinedu,Male,Nigeria,Africa
LeChinedu,Male,Nigeria,Africa
O'Chinedu,Male,Nigeria,Africa
Chinedua,Male,Nigeria,Africa
Chinedue,Male,Nigeria,Africa
Chinedui,Male,Nigeria,Africa
Chineduo,Male,Nigeria,Africa
Chineduu,Male,Nigeria,Africa
Chineduson,Male,Nigeria,Africa
Chinedusen,Male,Nigeria,Africa
Chineduov,Male,Nigeria,Africa
Chineduez,Male,Nigeria,Africa
Chineduian,Male,Nigeria,Africa
AlOluwaseun,Male,Nigeria,Africa
DeOluwaseun,Male,Nigeria,Africa
ElOluwaseun,Male,Nigeria,Africa
LaOluwaseun,Male,Nigeria,Africa
SanOluwaseun,Male,Nigeria,Africa
VanOluwaseun,Male,Nigeria,Africa
VonOluwaseun,Male,Nigeria,Africa
DiOluwaseun,Male,Nigeria,Africa
LeOluwaseun,Male,Nigeria,Africa
O'Oluwaseun,Male,Nigeria,Africa
Oluwaseuna,Male,Nigeria,Africa
Oluwaseune,Male,Nigeria,Africa
Oluwaseuni,Male,Nigeria,Africa
Oluwaseuno,Male,Nigeria,Africa
Oluwaseunu,Male,Nigeria,Africa
Oluwaseunson,Male,Nigeria,Africa
Oluwaseunsen,Male,Nigeria,Africa
Oluwaseunov,Male,Nigeria,Africa
Oluwaseunez,Male,Nigeria,Africa
Oluwaseunian,Male,Nigeria,Africa
AlEmeka,Male,Nigeria,Africa
DeEmeka,Male,Nigeria,Africa
ElEmeka,Male,Nigeria,Africa
LaEmeka,Male,Nigeria,Africa
SanEmeka,Male,Nigeria,Africa
VanEmeka,Male,Nigeria,Africa
VonEmeka,Male,Nigeria,Africa
DiEmeka,Male,Nigeria,Africa
LeEmeka,Male,Nigeria,Africa
O'Emeka,Male,Nigeria,Africa
Emekaa,Male,Nigeria,Africa
Emekae,Male,Nigeria,Africa
Emekai,Male,Nigeria,Africa
Emekao,Male,Nigeria,Africa
Emekau,Male,Nigeria,Africa
Emekason,Male,Nigeria,Africa
Emekasen,Male,Nigeria,Africa
Emekaov,Male,Nigeria,Africa
Emekaez,Male,Nigeria,Africa
Emekaian,Male,Nigeria,Africa
AlIbrahim,Male,Nigeria,Africa
DeIbrahim,Male,Nigeria,Africa
ElIbrahim,Male,Nigeria,Africa
LaIbrahim,Male,Nigeria,Africa
SanIbrahim,Male,Nigeria,Africa
VanIbrahim,Male,Nigeria,Africa
VonIbrahim,Male,Nigeria,Africa
DiIbrahim,Male,Nigeria,Africa
LeIbrahim,Male,Nigeria,Africa
O'Ibrahim,Male,Nigeria,Africa
Ibrahima,Male,Nigeria,Africa
Ibrahime,Male,Nigeria,Africa
Ibrahimi,Male,Nigeria,Africa
Ibrahimo,Male,Nigeria,Africa
Ibrahimu,Male,Nigeria,Africa
Ibrahimson,Male,Nigeria,Africa
Ibrahimsen,Male,Nigeria,Africa
Ibrahimov,Male,Nigeria,Africa
Ibrahimez,Male,Nigeria,Africa
Ibrahimian,Male,Nigeria,Africa
AlSani,Male,Nigeria,Africa
DeSani,Male,Nigeria,Africa
ElSani,Male,Nigeria,Africa
LaSani,Male,Nigeria,Africa
SanSani,Male,Nigeria,Africa
VanSani,Male,Nigeria,Africa
VonSani,Male,Nigeria,Africa
DiSani,Male,Nigeria,Africa
LeSani,Male,Nigeria,Africa
O'Sani,Male,Nigeria,Africa
Sania,Male,Nigeria,Africa
Sanie,Male,Nigeria,Africa
Sanii,Male,Nigeria,Africa
Sanio,Male,Nigeria,Africa
Saniu,Male,Nigeria,Africa
Sanison,Male,Nigeria,Africa
Sanisen,Male,Nigeria,Africa
Saniov,Male,Nigeria,Africa
Saniez,Male,Nigeria,Africa
Saniian,Male,Nigeria,Africa
AlAbdul,Male,Nigeria,Africa
DeAbdul,Male,Nigeria,Africa
ElAbdul,Male,Nigeria,Africa
LaAbdul,Male,Nigeria,Africa
SanAbdul,Male,Nigeria,Africa
VanAbdul,Male,Nigeria,Africa
VonAbdul,Male,Nigeria,Africa
DiAbdul,Male,Nigeria,Africa
LeAbdul,Male,Nigeria,Africa
O'Abdul,Male,Nigeria,Africa
Abdula,Male,Nigeria,Africa
Abdule,Male,Nigeria,Africa
Abduli,Male,Nigeria,Africa
Abdulo,Male,Nigeria,Africa
Abdulu,Male,Nigeria,Africa
Chioma,Female,Nigeria,Africa
Aisha,Female,Nigeria,Africa
Zainab,Female,Nigeria,Africa
Fatima,Female,Nigeria,Africa
Ngozi,Female,Nigeria,Africa
Ifeoma,Female,Nigeria,Africa
Halima,Female,Nigeria,Africa
Hadiza,Female,Nigeria,Africa
Maryam,Female,Nigeria,Africa
Blessing,Female,Nigeria,Africa
AlChioma,Female,Nigeria,Africa
DeChioma,Female,Nigeria,Africa
ElChioma,Female,Nigeria,Africa
LaChioma,Female,Nigeria,Africa
SanChioma,Female,Nigeria,Africa
VanChioma,Female,Nigeria,Africa
VonChioma,Female,Nigeria,Africa
DiChioma,Female,Nigeria,Africa
LeChioma,Female,Nigeria,Africa
O'Chioma,Female,Nigeria,Africa
Chiomaa,Female,Nigeria,Africa
Chiomae,Female,Nigeria,Africa
Chiomai,Female,Nigeria,Africa
Chiomao,Female,Nigeria,Africa
Chiomau,Female,Nigeria,Africa
Chiomason,Female,Nigeria,Africa
Chiomasen,Female,Nigeria,Africa
Chiomaov,Female,Nigeria,Africa
Chiomaez,Female,Nigeria,Africa
Chiomaian,Female,Nigeria,Africa
AlAisha,Female,Nigeria,Africa
DeAisha,Female,Nigeria,Africa
ElAisha,Female,Nigeria,Africa
LaAisha,Female,Nigeria,Africa
SanAisha,Female,Nigeria,Africa
VanAisha,Female,Nigeria,Africa
VonAisha,Female,Nigeria,Africa
DiAisha,Female,Nigeria,Africa
LeAisha,Female,Nigeria,Africa
O'Aisha,Female,Nigeria,Africa
Aishaa,Female,Nigeria,Africa
Aishae,Female,Nigeria,Africa
Aishai,Female,Nigeria,Africa
Aishao,Female,Nigeria,Africa
Aishau,Female,Nigeria,Africa
Aishason,Female,Nigeria,Africa
Aishasen,Female,Nigeria,Africa
Aishaov,Female,Nigeria,Africa
Aishaez,Female,Nigeria,Africa
Aishaian,Female,Nigeria,Africa
AlZainab,Female,Nigeria,Africa
DeZainab,Female,Nigeria,Africa
ElZainab,Female,Nigeria,Africa
LaZainab,Female,Nigeria,Africa
SanZainab,Female,Nigeria,Africa
VanZainab,Female,Nigeria,Africa
VonZainab,Female,Nigeria,Africa
DiZainab,Female,Nigeria,Africa
LeZainab,Female,Nigeria,Africa
O'Zainab,Female,Nigeria,Africa
Zainaba,Female,Nigeria,Africa
Zainabe,Female,Nigeria,Africa
Zainabi,Female,Nigeria,Africa
Zainabo,Female,Nigeria,Africa
Zainabu,Female,Nigeria,Africa
Zainabson,Female,Nigeria,Africa
Zainabsen,Female,Nigeria,Africa
Zainabov,Female,Nigeria,Africa
Zainabez,Female,Nigeria,Africa
Zainabian,Female,Nigeria,Africa
AlFatima,Female,Nigeria,Africa
DeFatima,Female,Nigeria,Africa
ElFatima,Female,Nigeria,Africa
LaFatima,Female,Nigeria,Africa
SanFatima,Female,Nigeria,Africa
VanFatima,Female,Nigeria,Africa
VonFatima,Female,Nigeria,Africa
DiFatima,Female,Nigeria,Africa
LeFatima,Female,Nigeria,Africa
O'Fatima,Female,Nigeria,Africa
Fatimaa,Female,Nigeria,Africa
Fatimae,Female,Nigeria,Africa
Fatimai,Female,Nigeria,Africa
Fatimao,Female,Nigeria,Africa
Fatimau,Female,Nigeria,Africa
Fatimason,Female,Nigeria,Africa
Fatimasen,Female,Nigeria,Africa
Fatimaov,Female,Nigeria,Africa
Fatimaez,Female,Nigeria,Africa
Fatimaian,Female,Nigeria,Africa
AlNgozi,Female,Nigeria,Africa
DeNgozi,Female,Nigeria,Africa
ElNgozi,Female,Nigeria,Africa
LaNgozi,Female,Nigeria,Africa
SanNgozi,Female,Nigeria,Africa
VanNgozi,Female,Nigeria,Africa
VonNgozi,Female,Nigeria,Africa
DiNgozi,Female,Nigeria,Africa
LeNgozi,Female,Nigeria,Africa
O'Ngozi,Female,Nigeria,Africa
Ngozia,Female,Nigeria,Africa
Ngozie,Female,Nigeria,Africa
Ngozii,Female,Nigeria,Africa
Ngozio,Female,Nigeria,Africa
Ngoziu,Female,Nigeria,Africa
Ngozison,Female,Nigeria,Africa
Ngozisen,Female,Nigeria,Africa
Ngoziov,Female,Nigeria,Africa
Ngoziez,Female,Nigeria,Africa
Ngoziian,Female,Nigeria,Africa
AlIfeoma,Female,Nigeria,Africa
DeIfeoma,Female,Nigeria,Africa
ElIfeoma,Female,Nigeria,Africa
LaIfeoma,Female,Nigeria,Africa
SanIfeoma,Female,Nigeria,Africa
VanIfeoma,Female,Nigeria,Africa
VonIfeoma,Female,Nigeria,Africa
DiIfeoma,Female,Nigeria,Africa
LeIfeoma,Female,Nigeria,Africa
O'Ifeoma,Female,Nigeria,Africa
Ifeomaa,Female,Nigeria,Africa
Ifeomae,Female,Nigeria,Africa
Ifeomai,Female,Nigeria,Africa
Ifeomao,Female,Nigeria,Africa
Ifeomau,Female,Nigeria,Africa
Mwangi,Male,Kenya,Africa
Otieno,Male,Kenya,Africa
Kipchoge,Male,Kenya,Africa
Kamau,Male,Kenya,Africa
Njoroge,Male,Kenya,Africa
Mutua,Male,Kenya,Africa
Kariuki,Male,Kenya,Africa
Wanjala,Male,Kenya,Africa
Omondi,Male,Kenya,Africa
Odhiambo,Male,Kenya,Africa
AlMwangi,Male,Kenya,Africa
DeMwangi,Male,Kenya,Africa
ElMwangi,Male,Kenya,Africa
LaMwangi,Male,Kenya,Africa
SanMwangi,Male,Kenya,Africa
VanMwangi,Male,Kenya,Africa
VonMwangi,Male,Kenya,Africa
DiMwangi,Male,Kenya,Africa
LeMwangi,Male,Kenya,Africa
O'Mwangi,Male,Kenya,Africa
Mwangia,Male,Kenya,Africa
Mwangie,Male,Kenya,Africa
Mwangii,Male,Kenya,Africa
Mwangio,Male,Kenya,Africa
Mwangiu,Male,Kenya,Africa
Mwangison,Male,Kenya,Africa
Mwangisen,Male,Kenya,Africa
Mwangiov,Male,Kenya,Africa
Mwangiez,Male,Kenya,Africa
Mwangiian,Male,Kenya,Africa
AlOtieno,Male,Kenya,Africa
DeOtieno,Male,Kenya,Africa
ElOtieno,Male,Kenya,Africa
LaOtieno,Male,Kenya,Africa
SanOtieno,Male,Kenya,Africa
VanOtieno,Male,Kenya,Africa
VonOtieno,Male,Kenya,Africa
DiOtieno,Male,Kenya,Africa
LeOtieno,Male,Kenya,Africa
O'Otieno,Male,Kenya,Africa
Otienoa,Male,Kenya,Africa
Otienoe,Male,Kenya,Africa
Otienoi,Male,Kenya,Africa
Otienoo,Male,Kenya,Africa
Otienou,Male,Kenya,Africa
Otienoson,Male,Kenya,Africa
Otienosen,Male,Kenya,Africa
Otienoov,Male,Kenya,Africa
Otienoez,Male,Kenya,Africa
Otienoian,Male,Kenya,Africa
AlKipchoge,Male,Kenya,Africa
DeKipchoge,Male,Kenya,Africa
ElKipchoge,Male,Kenya,Africa
LaKipchoge,Male,Kenya,Africa
SanKipchoge,Male,Kenya,Africa
VanKipchoge,Male,Kenya,Africa
VonKipchoge,Male,Kenya,Africa
DiKipchoge,Male,Kenya,Africa
LeKipchoge,Male,Kenya,Africa
O'Kipchoge,Male,Kenya,Africa
Kipchogea,Male,Kenya,Africa
Kipchogee,Male,Kenya,Africa
Kipchogei,Male,Kenya,Africa
Kipchogeo,Male,Kenya,Africa
Kipchogeu,Male,Kenya,Africa
Kipchogeson,Male,Kenya,Africa
Kipchogesen,Male,Kenya,Africa
Kipchogeov,Male,Kenya,Africa
Kipchogeez,Male,Kenya,Africa
Kipchogeian,Male,Kenya,Africa
AlKamau,Male,Kenya,Africa
DeKamau,Male,Kenya,Africa
ElKamau,Male,Kenya,Africa
LaKamau,Male,Kenya,Africa
SanKamau,Male,Kenya,Africa
VanKamau,Male,Kenya,Africa
VonKamau,Male,Kenya,Africa
DiKamau,Male,Kenya,Africa
LeKamau,Male,Kenya,Africa
O'Kamau,Male,Kenya,Africa
Kamaua,Male,Kenya,Africa
Kamaue,Male,Kenya,Africa
Kamaui,Male,Kenya,Africa
Kamauo,Male,Kenya,Africa
Kamauu,Male,Kenya,Africa
Kamauson,Male,Kenya,Africa
Kamausen,Male,Kenya,Africa
Kamauov,Male,Kenya,Africa
Kamauez,Male,Kenya,Africa
Kamauian,Male,Kenya,Africa
AlNjoroge,Male,Kenya,Africa
DeNjoroge,Male,Kenya,Africa
ElNjoroge,Male,Kenya,Africa
LaNjoroge,Male,Kenya,Africa
SanNjoroge,Male,Kenya,Africa
VanNjoroge,Male,Kenya,Africa
VonNjoroge,Male,Kenya,Africa
DiNjoroge,Male,Kenya,Africa
LeNjoroge,Male,Kenya,Africa
O'Njoroge,Male,Kenya,Africa
Njorogea,Male,Kenya,Africa
Njorogee,Male,Kenya,Africa
Njorogei,Male,Kenya,Africa
Njorogeo,Male,Kenya,Africa
Njorogeu,Male,Kenya,Africa
Njorogeson,Male,Kenya,Africa
Njorogesen,Male,Kenya,Africa
Njorogeov,Male,Kenya,Africa
Njorogeez,Male,Kenya,Africa
Njorogeian,Male,Kenya,Africa
AlMutua,Male,Kenya,Africa
DeMutua,Male,Kenya,Africa
ElMutua,Male,Kenya,Africa
LaMutua,Male,Kenya,Africa
SanMutua,Male,Kenya,Africa
VanMutua,Male,Kenya,Africa
VonMutua,Male,Kenya,Africa
DiMutua,Male,Kenya,Africa
LeMutua,Male,Kenya,Africa
O'Mutua,Male,Kenya,Africa
Mutuaa,Male,Kenya,Africa
Mutuae,Male,Kenya,Africa
Mutuai,Male,Kenya,Africa
Mutuao,Male,Kenya,Africa
Mutuau,Male,Kenya,Africa
Wanjiku,Female,Kenya,Africa
Achieng,Female,Kenya,Africa
Njeri,Female,Kenya,Africa
Atieno,Female,Kenya,Africa
Chebet,Female,Kenya,Africa
Cherono,Female,Kenya,Africa
Wambui,Female,Kenya,Africa
Nyambura,Female,Kenya,Africa
Mutheu,Female,Kenya,Africa
Nasimiyu,Female,Kenya,Africa
AlWanjiku,Female,Kenya,Africa
DeWanjiku,Female,Kenya,Africa
ElWanjiku,Female,Kenya,Africa
LaWanjiku,Female,Kenya,Africa
SanWanjiku,Female,Kenya,Africa
VanWanjiku,Female,Kenya,Africa
VonWanjiku,Female,Kenya,Africa
DiWanjiku,Female,Kenya,Africa
LeWanjiku,Female,Kenya,Africa
O'Wanjiku,Female,Kenya,Africa
Wanjikua,Female,Kenya,Africa
Wanjikue,Female,Kenya,Africa
Wanjikui,Female,Kenya,Africa
Wanjikuo,Female,Kenya,Africa
Wanjikuu,Female,Kenya,Africa
Wanjikuson,Female,Kenya,Africa
Wanjikusen,Female,Kenya,Africa
Wanjikuov,Female,Kenya,Africa
Wanjikuez,Female,Kenya,Africa
Wanjikuian,Female,Kenya,Africa
AlAchieng,Female,Kenya,Africa
DeAchieng,Female,Kenya,Africa
ElAchieng,Female,Kenya,Africa
LaAchieng,Female,Kenya,Africa
SanAchieng,Female,Kenya,Africa
VanAchieng,Female,Kenya,Africa
VonAchieng,Female,Kenya,Africa
DiAchieng,Female,Kenya,Africa
LeAchieng,Female,Kenya,Africa
O'Achieng,Female,Kenya,Africa
Achienga,Female,Kenya,Africa
Achienge,Female,Kenya,Africa
Achiengi,Female,Kenya,Africa
Achiengo,Female,Kenya,Africa
Achiengu,Female,Kenya,Africa
Achiengson,Female,Kenya,Africa
Achiengsen,Female,Kenya,Africa
Achiengov,Female,Kenya,Africa
Achiengez,Female,Kenya,Africa
Achiengian,Female,Kenya,Africa
AlNjeri,Female,Kenya,Africa
DeNjeri,Female,Kenya,Africa
ElNjeri,Female,Kenya,Africa
LaNjeri,Female,Kenya,Africa
SanNjeri,Female,Kenya,Africa
VanNjeri,Female,Kenya,Africa
VonNjeri,Female,Kenya,Africa
DiNjeri,Female,Kenya,Africa
LeNjeri,Female,Kenya,Africa
O'Njeri,Female,Kenya,Africa
Njeria,Female,Kenya,Africa
Njerie,Female,Kenya,Africa
Njerii,Female,Kenya,Africa
Njerio,Female,Kenya,Africa
Njeriu,Female,Kenya,Africa
Njerison,Female,Kenya,Africa
Njerisen,Female,Kenya,Africa
Njeriov,Female,Kenya,Africa
Njeriez,Female,Kenya,Africa
Njeriian,Female,Kenya,Africa
AlAtieno,Female,Kenya,Africa
DeAtieno,Female,Kenya,Africa
ElAtieno,Female,Kenya,Africa
LaAtieno,Female,Kenya,Africa
SanAtieno,Female,Kenya,Africa
VanAtieno,Female,Kenya,Africa
VonAtieno,Female,Kenya,Africa
DiAtieno,Female,Kenya,Africa
LeAtieno,Female,Kenya,Africa
O'Atieno,Female,Kenya,Africa
Atienoa,Female,Kenya,Africa
Atienoe,Female,Kenya,Africa
Atienoi,Female,Kenya,Africa
Atienoo,Female,Kenya,Africa
Atienou,Female,Kenya,Africa
Atienoson,Female,Kenya,Africa
Atienosen,Female,Kenya,Africa
Atienoov,Female,Kenya,Africa
Atienoez,Female,Kenya,Africa
Atienoian,Female,Kenya,Africa
AlChebet,Female,Kenya,Africa
DeChebet,Female,Kenya,Africa
ElChebet,Female,Kenya,Africa
LaChebet,Female,Kenya,Africa
SanChebet,Female,Kenya,Africa
VanChebet,Female,Kenya,Africa
VonChebet,Female,Kenya,Africa
DiChebet,Female,Kenya,Africa
LeChebet,Female,Kenya,Africa
O'Chebet,Female,Kenya,Africa
Chebeta,Female,Kenya,Africa
Chebete,Female,Kenya,Africa
Chebeti,Female,Kenya,Africa
Chebeto,Female,Kenya,Africa
Chebetu,Female,Kenya,Africa
Chebetson,Female,Kenya,Africa
Chebetsen,Female,Kenya,Africa
Chebetov,Female,Kenya,Africa
Chebetez,Female,Kenya,Africa
Chebetian,Female,Kenya,Africa
AlCherono,Female,Kenya,Africa
DeCherono,Female,Kenya,Africa
ElCherono,Female,Kenya,Africa
LaCherono,Female,Kenya,Africa
SanCherono,Female,Kenya,Africa
VanCherono,Female,Kenya,Africa
VonCherono,Female,Kenya,Africa
DiCherono,Female,Kenya,Africa
LeCherono,Female,Kenya,Africa
O'Cherono,Female,Kenya,Africa
Cheronoa,Female,Kenya,Africa
Cheronoe,Female,Kenya,Africa
Cheronoi,Female,Kenya,Africa
Cheronoo,Female,Kenya,Africa
Cheronou,Female,Kenya,Africa
Wei,Male,China,Asia
Jun,Male,China,Asia
Hao,Male,China,Asia
Lei,Male,China,Asia
Ming,Male,China,Asia
Qiang,Male,China,Asia
Jian,Male,China,Asia
Feng,Male,China,Asia
Tao,Male,China,Asia
Peng,Male,China,Asia
AlWei,Male,China,Asia
DeWei,Male,China,Asia
ElWei,Male,China,Asia
LaWei,Male,China,Asia
SanWei,Male,China,Asia
VanWei,Male,China,Asia
VonWei,Male,China,Asia
DiWei,Male,China,Asia
LeWei,Male,China,Asia
O'Wei,Male,China,Asia
Weia,Male,China,Asia
Weie,Male,China,Asia
Weii,Male,China,Asia
Weio,Male,China,Asia
Weiu,Male,China,Asia
Weison,Male,China,Asia
Weisen,Male,China,Asia
Weiov,Male,China,Asia
Weiez,Male,China,Asia
Weiian,Male,China,Asia
AlJun,Male,China,Asia
DeJun,Male,China,Asia
ElJun,Male,China,Asia
LaJun,Male,China,Asia
SanJun,Male,China,Asia
VanJun,Male,China,Asia
VonJun,Male,China,Asia
DiJun,Male,China,Asia
LeJun,Male,China,Asia
O'Jun,Male,China,Asia
Juna,Male,China,Asia
June,Male,China,Asia
Juni,Male,China,Asia
Juno,Male,China,Asia
Junu,Male,China,Asia
Junson,Male,China,Asia
Junsen,Male,China,Asia
Junov,Male,China,Asia
Junez,Male,China,Asia
Junian,Male,China,Asia
AlHao,Male,China,Asia
DeHao,Male,China,Asia
ElHao,Male,China,Asia
LaHao,Male,China,Asia
SanHao,Male,China,Asia
VanHao,Male,China,Asia
VonHao,Male,China,Asia
DiHao,Male,China,Asia
LeHao,Male,China,Asia
O'Hao,Male,China,Asia
Haoa,Male,China,Asia
Haoe,Male,China,Asia
Haoi,Male,China,Asia
Haoo,Male,China,Asia
Haou,Male,China,Asia
Haoson,Male,China,Asia
Haosen,Male,China,Asia
Haoov,Male,China,Asia
Haoez,Male,China,Asia
Haoian,Male,China,Asia
AlLei,Male,China,Asia
DeLei,Male,China,Asia
ElLei,Male,China,Asia
LaLei,Male,China,Asia
SanLei,Male,China,Asia
VanLei,Male,China,Asia
VonLei,Male,China,Asia
DiLei,Male,China,Asia
LeLei,Male,China,Asia
O'Lei,Male,China,Asia
Leia,Male,China,Asia
Leie,Male,China,Asia
Leii,Male,China,Asia
Leio,Male,China,Asia
Leiu,Male,China,Asia
Leison,Male,China,Asia
Leisen,Male,China,Asia
Leiov,Male,China,Asia
Leiez,Male,China,Asia
Leiian,Male,China,Asia
AlMing,Male,China,Asia
DeMing,Male,China,Asia
ElMing,Male,China,Asia
LaMing,Male,China,Asia
SanMing,Male,China,Asia
VanMing,Male,China,Asia
VonMing,Male,China,Asia
DiMing,Male,China,Asia
LeMing,Male,China,Asia
O'Ming,Male,China,Asia
Minga,Male,China,Asia
Minge,Male,China,Asia
Mingi,Male,China,Asia
Mingo,Male,China,Asia
Mingu,Male,China,Asia
Mingson,Male,China,Asia
Mingsen,Male,China,Asia
Mingov,Male,China,Asia
Mingez,Male,China,Asia
Mingian,Male,China,Asia
AlQiang,Male,China,Asia
DeQiang,Male,China,Asia
ElQiang,Male,China,Asia
LaQiang,Male,China,Asia
SanQiang,Male,China,Asia
VanQiang,Male,China,Asia
VonQiang,Male,China,Asia
DiQiang,Male,China,Asia
LeQiang,Male,China,Asia
O'Qiang,Male,China,Asia
Qianga,Male,China,Asia
Qiange,Male,China,Asia
Qiangi,Male,China,Asia
Qiango,Male,China,Asia
Qiangu,Male,China,Asia
Li,Female,China,Asia
Fang,Female,China,Asia
Jing,Female,China,Asia
Yan,Female,China,Asia
Mei,Female,China,Asia
Na,Female,China,Asia
Ling,Female,China,Asia
Xiu,Female,China,Asia
Juan,Female,China,Asia
Hui,Female,China,Asia
AlLi,Female,China,Asia
DeLi,Female,China,Asia
ElLi,Female,China,Asia
LaLi,Female,China,Asia
SanLi,Female,China,Asia
VanLi,Female,China,Asia
VonLi,Female,China,Asia
DiLi,Female,China,Asia
LeLi,Female,China,Asia
O'Li,Female,China,Asia
Lia,Female,China,Asia
Lie,Female,China,Asia
Lii,Female,China,Asia
Lio,Female,China,Asia
Liu,Female,China,Asia
Lison,Female,China,Asia
Lisen,Female,China,Asia
Liov,Female,China,Asia
Liez,Female,China,Asia
Liian,Female,China,Asia
AlFang,Female,China,Asia
DeFang,Female,China,Asia
ElFang,Female,China,Asia
LaFang,Female,China,Asia
SanFang,Female,China,Asia
VanFang,Female,China,Asia
VonFang,Female,China,Asia
DiFang,Female,China,Asia
LeFang,Female,China,Asia
O'Fang,Female,China,Asia
Fanga,Female,China,Asia
Fange,Female,China,Asia
Fangi,Female,China,Asia
Fango,Female,China,Asia
Fangu,Female,China,Asia
Fangson,Female,China,Asia
Fangsen,Female,China,Asia
Fangov,Female,China,Asia
Fangez,Female,China,Asia
Fangian,Female,China,Asia
AlJing,Female,China,Asia
DeJing,Female,China,Asia
ElJing,Female,China,Asia
LaJing,Female,China,Asia
SanJing,Female,China,Asia
VanJing,Female,China,Asia
VonJing,Female,China,Asia
DiJing,Female,China,Asia
LeJing,Female,China,Asia
O'Jing,Female,China,Asia
Jinga,Female,China,Asia
Jinge,Female,China,Asia
Jingi,Female,China,Asia
Jingo,Female,China,Asia
Jingu,Female,China,Asia
Jingson,Female,China,Asia
Jingsen,Female,China,Asia
Jingov,Female,China,Asia
Jingez,Female,China,Asia
Jingian,Female,China,Asia
AlYan,Female,China,Asia
DeYan,Female,China,Asia
ElYan,Female,China,Asia
LaYan,Female,China,Asia
SanYan,Female,China,Asia
VanYan,Female,China,Asia
VonYan,Female,China,Asia
DiYan,Female,China,Asia
LeYan,Female,China,Asia
O'Yan,Female,China,Asia
Yana,Female,China,Asia
Yane,Female,China,Asia
Yani,Female,China,Asia
Yano,Female,China,Asia
Yanu,Female,China,Asia
Yanson,Female,China,Asia
Yansen,Female,China,Asia
Yanov,Female,China,Asia
Yanez,Female,China,Asia
Yanian,Female,China,Asia
AlMei,Female,China,Asia
DeMei,Female,China,Asia
ElMei,Female,China,Asia
LaMei,Female,China,Asia
SanMei,Female,China,Asia
VanMei,Female,China,Asia
VonMei,Female,China,Asia
DiMei,Female,China,Asia
LeMei,Female,China,Asia
O'Mei,Female,China,Asia
Meia,Female,China,Asia
Meie,Female,China,Asia
Meii,Female,China,Asia
Meio,Female,China,Asia
Meiu,Female,China,Asia
Meison,Female,China,Asia
Meisen,Female,China,Asia
Meiov,Female,China,Asia
Meiez,Female,China,Asia
Meiian,Female,China,Asia
AlNa,Female,China,Asia
DeNa,Female,China,Asia
ElNa,Female,China,Asia
LaNa,Female,China,Asia
SanNa,Female,China,Asia
VanNa,Female,China,Asia
VonNa,Female,China,Asia
DiNa,Female,China,Asia
LeNa,Female,China,Asia
O'Na,Female,China,Asia
Naa,Female,China,Asia
Nae,Female,China,Asia
Nai,Female,China,Asia
Nao,Female,China,Asia
Nau,Female,China,Asia
Amit,Male,India,Asia
Rahul,Male,India,Asia
Vikram,Male,India,Asia
Rajesh,Male,India,Asia
Suresh,Male,India,Asia
Ramesh,Male,India,Asia
Arjun,Male,India,Asia
Karan,Male,India,Asia
Vijay,Male,India,Asia
Anil,Male,India,Asia
AlAmit,Male,India,Asia
DeAmit,Male,India,Asia
ElAmit,Male,India,Asia
LaAmit,Male,India,Asia
SanAmit,Male,India,Asia
VanAmit,Male,India,Asia
VonAmit,Male,India,Asia
DiAmit,Male,India,Asia
LeAmit,Male,India,Asia
O'Amit,Male,India,Asia
Amita,Male,India,Asia
Amite,Male,India,Asia
Amiti,Male,India,Asia
Amito,Male,India,Asia
Amitu,Male,India,Asia
Amitson,Male,India,Asia
Amitsen,Male,India,Asia
Amitov,Male,India,Asia
Amitez,Male,India,Asia
Amitian,Male,India,Asia
AlRahul,Male,India,Asia
DeRahul,Male,India,Asia
ElRahul,Male,India,Asia
LaRahul,Male,India,Asia
SanRahul,Male,India,Asia
VanRahul,Male,India,Asia
VonRahul,Male,India,Asia
DiRahul,Male,India,Asia
LeRahul,Male,India,Asia
O'Rahul,Male,India,Asia
Rahula,Male,India,Asia
Rahule,Male,India,Asia
Rahuli,Male,India,Asia
Rahulo,Male,India,Asia
Rahulu,Male,India,Asia
Rahulson,Male,India,Asia
Rahulsen,Male,India,Asia
Rahulov,Male,India,Asia
Rahulez,Male,India,Asia
Rahulian,Male,India,Asia
AlVikram,Male,India,Asia
DeVikram,Male,India,Asia
ElVikram,Male,India,Asia
LaVikram,Male,India,Asia
SanVikram,Male,India,Asia
VanVikram,Male,India,Asia
VonVikram,Male,India,Asia
DiVikram,Male,India,Asia
LeVikram,Male,India,Asia
O'Vikram,Male,India,Asia
Vikrama,Male,India,Asia
Vikrame,Male,India,Asia
Vikrami,Male,India,Asia
Vikramo,Male,India,Asia
Vikramu,Male,India,Asia
Vikramson,Male,India,Asia
Vikramsen,Male,India,Asia
Vikramov,Male,India,Asia
Vikramez,Male,India,Asia
Vikramian,Male,India,Asia
AlRajesh,Male,India,Asia
DeRajesh,Male,India,Asia
ElRajesh,Male,India,Asia
LaRajesh,Male,India,Asia
SanRajesh,Male,India,Asia
VanRajesh,Male,India,Asia
VonRajesh,Male,India,Asia
DiRajesh,Male,India,Asia
LeRajesh,Male,India,Asia
O'Rajesh,Male,India,Asia
Rajesha,Male,India,Asia
Rajeshe,Male,India,Asia
Rajeshi,Male,India,Asia
Rajesho,Male,India,Asia
Rajeshu,Male,India,Asia
Rajeshson,Male,India,Asia
Rajeshsen,Male,India,Asia
Rajeshov,Male,India,Asia
Rajeshez,Male,India,Asia
Rajeshian,Male,India,Asia
AlSuresh,Male,India,Asia
DeSuresh,Male,India,Asia
ElSuresh,Male,India,Asia
LaSuresh,Male,India,Asia
SanSuresh,Male,India,Asia
VanSuresh,Male,India,Asia
VonSuresh,Male,India,Asia
DiSuresh,Male,India,Asia
LeSuresh,Male,India,Asia
O'Suresh,Male,India,Asia
Suresha,Male,India,Asia
Sureshe,Male,India,Asia
Sureshi,Male,India,Asia
Suresho,Male,India,Asia
Sureshu,Male,India,Asia
Sureshson,Male,India,Asia
Sureshsen,Male,India,Asia
Sureshov,Male,India,Asia
Sureshez,Male,India,Asia
Sureshian,Male,India,Asia
AlRamesh,Male,India,Asia
DeRamesh,Male,India,Asia
ElRamesh,Male,India,Asia
LaRamesh,Male,India,Asia
SanRamesh,Male,India,Asia
VanRamesh,Male,India,Asia
VonRamesh,Male,India,Asia
DiRamesh,Male,India,Asia
LeRamesh,Male,India,Asia
O'Ramesh,Male,India,Asia
Ramesha,Male,India,Asia
Rameshe,Male,India,Asia
Rameshi,Male,India,Asia
Ramesho,Male,India,Asia
Rameshu,Male,India,Asia
Priya,Female,India,Asia
Pooja,Female,India,Asia
Anjali,Female,India,Asia
Neha,Female,India,Asia
Asha,Female,India,Asia
Sunita,Female,India,Asia
Kavita,Female,India,Asia
Meena,Female,India,Asia
Rekha,Female,India,Asia
Shalini,Female,India,Asia
AlPriya,Female,India,Asia
DePriya,Female,India,Asia
ElPriya,Female,India,Asia
LaPriya,Female,India,Asia
SanPriya,Female,India,Asia
VanPriya,Female,India,Asia
VonPriya,Female,India,Asia
DiPriya,Female,India,Asia
LePriya,Female,India,Asia
O'Priya,Female,India,Asia
Priyaa,Female,India,Asia
Priyae,Female,India,Asia
Priyai,Female,India,Asia
Priyao,Female,India,Asia
Priyau,Female,India,Asia
Priyason,Female,India,Asia
Priyasen,Female,India,Asia
Priyaov,Female,India,Asia
Priyaez,Female,India,Asia
Priyaian,Female,India,Asia
AlPooja,Female,India,Asia
DePooja,Female,India,Asia
ElPooja,Female,India,Asia
LaPooja,Female,India,Asia
SanPooja,Female,India,Asia
VanPooja,Female,India,Asia
VonPooja,Female,India,Asia
DiPooja,Female,India,Asia
LePooja,Female,India,Asia
O'Pooja,Female,India,Asia
Poojaa,Female,India,Asia
Poojae,Female,India,Asia
Poojai,Female,India,Asia
Poojao,Female,India,Asia
Poojau,Female,India,Asia
Poojason,Female,India,Asia
Poojasen,Female,India,Asia
Poojaov,Female,India,Asia
Poojaez,Female,India,Asia
Poojaian,Female,India,Asia
AlAnjali,Female,India,Asia
DeAnjali,Female,India,Asia
ElAnjali,Female,India,Asia
LaAnjali,Female,India,Asia
SanAnjali,Female,India,Asia
VanAnjali,Female,India,Asia
VonAnjali,Female,India,Asia
DiAnjali,Female,India,Asia
LeAnjali,Female,India,Asia
O'Anjali,Female,India,Asia
Anjalia,Female,India,Asia
Anjalie,Female,India,Asia
Anjalii,Female,India,Asia
Anjalio,Female,India,Asia
Anjaliu,Female,India,Asia
Anjalison,Female,India,Asia
Anjalisen,Female,India,Asia
Anjaliov,Female,India,Asia
Anjaliez,Female,India,Asia
Anjaliian,Female,India,Asia
AlNeha,Female,India,Asia
DeNeha,Female,India,Asia
ElNeha,Female,India,Asia
LaNeha,Female,India,Asia
SanNeha,Female,India,Asia
VanNeha,Female,India,Asia
VonNeha,Female,India,Asia
DiNeha,Female,India,Asia
LeNeha,Female,India,Asia
O'Neha,Female,India,Asia
Nehaa,Female,India,Asia
Nehae,Female,India,Asia
Nehai,Female,India,Asia
Nehao,Female,India,Asia
Nehau,Female,India,Asia
Nehason,Female,India,Asia
Nehasen,Female,India,Asia
Nehaov,Female,India,Asia
Nehaez,Female,India,Asia
Nehaian,Female,India,Asia
AlAsha,Female,India,Asia
DeAsha,Female,India,Asia
ElAsha,Female,India,Asia
LaAsha,Female,India,Asia
SanAsha,Female,India,Asia
VanAsha,Female,India,Asia
VonAsha,Female,India,Asia
DiAsha,Female,India,Asia
LeAsha,Female,India,Asia
O'Asha,Female,India,Asia
Ashaa,Female,India,Asia
Ashae,Female,India,Asia
Ashai,Female,India,Asia
Ashao,Female,India,Asia
Ashau,Female,India,Asia
Ashason,Female,India,Asia
Ashasen,Female,India,Asia
Ashaov,Female,India,Asia
Ashaez,Female,India,Asia
Ashaian,Female,India,Asia
AlSunita,Female,India,Asia
DeSunita,Female,India,Asia
ElSunita,Female,India,Asia
LaSunita,Female,India,Asia
SanSunita,Female,India,Asia
VanSunita,Female,India,Asia
VonSunita,Female,India,Asia
DiSunita,Female,India,Asia
LeSunita,Female,India,Asia
O'Sunita,Female,India,Asia
Sunitaa,Female,India,Asia
Sunitae,Female,India,Asia
Sunitai,Female,India,Asia
Sunitao,Female,India,Asia
Sunitau,Female,India,Asia
Hiroshi,Male,Japan,Asia
Takashi,Male,Japan,Asia
Yuki,Male,Japan,Asia
Satoshi,Male,Japan,Asia
Kenta,Male,Japan,Asia
Daiki,Male,Japan,Asia
Taro,Male,Japan,Asia
Kenji,Male,Japan,Asia
Ryo,Male,Japan,Asia
Shota,Male,Japan,Asia
AlHiroshi,Male,Japan,Asia
DeHiroshi,Male,Japan,Asia
ElHiroshi,Male,Japan,Asia
LaHiroshi,Male,Japan,Asia
SanHiroshi,Male,Japan,Asia
VanHiroshi,Male,Japan,Asia
VonHiroshi,Male,Japan,Asia
DiHiroshi,Male,Japan,Asia
LeHiroshi,Male,Japan,Asia
O'Hiroshi,Male,Japan,Asia
Hiroshia,Male,Japan,Asia
Hiroshie,Male,Japan,Asia
Hiroshii,Male,Japan,Asia
Hiroshio,Male,Japan,Asia
Hiroshiu,Male,Japan,Asia
Hiroshison,Male,Japan,Asia
Hiroshisen,Male,Japan,Asia
Hiroshiov,Male,Japan,Asia
Hiroshiez,Male,Japan,Asia
Hiroshiian,Male,Japan,Asia
AlTakashi,Male,Japan,Asia
DeTakashi,Male,Japan,Asia
ElTakashi,Male,Japan,Asia
LaTakashi,Male,Japan,Asia
SanTakashi,Male,Japan,Asia
VanTakashi,Male,Japan,Asia
VonTakashi,Male,Japan,Asia
DiTakashi,Male,Japan,Asia
LeTakashi,Male,Japan,Asia
O'Takashi,Male,Japan,Asia
Takashia,Male,Japan,Asia
Takashie,Male,Japan,Asia
Takashii,Male,Japan,Asia
Takashio,Male,Japan,Asia
Takashiu,Male,Japan,Asia
Takashison,Male,Japan,Asia
Takashisen,Male,Japan,Asia
Takashiov,Male,Japan,Asia
Takashiez,Male,Japan,Asia
Takashiian,Male,Japan,Asia
AlYuki,Male,Japan,Asia
DeYuki,Male,Japan,Asia
ElYuki,Male,Japan,Asia
LaYuki,Male,Japan,Asia
SanYuki,Male,Japan,Asia
VanYuki,Male,Japan,Asia
VonYuki,Male,Japan,Asia
DiYuki,Male,Japan,Asia
LeYuki,Male,Japan,Asia
O'Yuki,Male,Japan,Asia
Yukia,Male,Japan,Asia
Yukie,Male,Japan,Asia
Yukii,Male,Japan,Asia
Yukio,Male,Japan,Asia
Yukiu,Male,Japan,Asia
Yukison,Male,Japan,Asia
Yukisen,Male,Japan,Asia
Yukiov,Male,Japan,Asia
Yukiez,Male,Japan,Asia
Yukiian,Male,Japan,Asia
AlSatoshi,Male,Japan,Asia
DeSatoshi,Male,Japan,Asia
ElSatoshi,Male,Japan,Asia
LaSatoshi,Male,Japan,Asia
SanSatoshi,Male,Japan,Asia
VanSatoshi,Male,Japan,Asia
VonSatoshi,Male,Japan,Asia
DiSatoshi,Male,Japan,Asia
LeSatoshi,Male,Japan,Asia
O'Satoshi,Male,Japan,Asia
Satoshia,Male,Japan,Asia
Satoshie,Male,Japan,Asia
Satoshii,Male,Japan,Asia
Satoshio,Male,Japan,Asia
Satoshiu,Male,Japan,Asia
Satoshison,Male,Japan,Asia
Satoshisen,Male,Japan,Asia
Satoshiov,Male,Japan,Asia
Satoshiez,Male,Japan,Asia
Satoshiian,Male,Japan,Asia
AlKenta,Male,Japan,Asia
DeKenta,Male,Japan,Asia
ElKenta,Male,Japan,Asia
LaKenta,Male,Japan,Asia
SanKenta,Male,Japan,Asia
VanKenta,Male,Japan,Asia
VonKenta,Male,Japan,Asia
DiKenta,Male,Japan,Asia
LeKenta,Male,Japan,Asia
O'Kenta,Male,Japan,Asia
Kentaa,Male,Japan,Asia
Kentae,Male,Japan,Asia
Kentai,Male,Japan,Asia
Kentao,Male,Japan,Asia
Kentau,Male,Japan,Asia
Kentason,Male,Japan,Asia
Kentasen,Male,Japan,Asia
Kentaov,Male,Japan,Asia
Kentaez,Male,Japan,Asia
Kentaian,Male,Japan,Asia
AlDaiki,Male,Japan,Asia
DeDaiki,Male,Japan,Asia
ElDaiki,Male,Japan,Asia
LaDaiki,Male,Japan,Asia
SanDaiki,Male,Japan,Asia
VanDaiki,Male,Japan,Asia
VonDaiki,Male,Japan,Asia
DiDaiki,Male,Japan,Asia
LeDaiki,Male,Japan,Asia
O'Daiki,Male,Japan,Asia
Daikia,Male,Japan,Asia
Daikie,Male,Japan,Asia
Daikii,Male,Japan,Asia
Daikio,Male,Japan,Asia
Daikiu,Male,Japan,Asia
Yui,Female,Japan,Asia
Aoi,Female,Japan,Asia
Sakura,Female,Japan,Asia
Hana,Female,Japan,Asia
Yuna,Female,Japan,Asia
Rin,Female,Japan,Asia
Mei,Female,Japan,Asia
Emi,Female,Japan,Asia
Ayaka,Female,Japan,Asia
Haruka,Female,Japan,Asia
AlYui,Female,Japan,Asia
DeYui,Female,Japan,Asia
ElYui,Female,Japan,Asia
LaYui,Female,Japan,Asia
SanYui,Female,Japan,Asia
VanYui,Female,Japan,Asia
VonYui,Female,Japan,Asia
DiYui,Female,Japan,Asia
LeYui,Female,Japan,Asia
O'Yui,Female,Japan,Asia
Yuia,Female,Japan,Asia
Yuie,Female,Japan,Asia
Yuii,Female,Japan,Asia
Yuio,Female,Japan,Asia
Yuiu,Female,Japan,Asia
Yuison,Female,Japan,Asia
Yuisen,Female,Japan,Asia
Yuiov,Female,Japan,Asia
Yuiez,Female,Japan,Asia
Yuiian,Female,Japan,Asia
AlAoi,Female,Japan,Asia
DeAoi,Female,Japan,Asia
ElAoi,Female,Japan,Asia
LaAoi,Female,Japan,Asia
SanAoi,Female,Japan,Asia
VanAoi,Female,Japan,Asia
VonAoi,Female,Japan,Asia
DiAoi,Female,Japan,Asia
LeAoi,Female,Japan,Asia
O'Aoi,Female,Japan,Asia
Aoia,Female,Japan,Asia
Aoie,Female,Japan,Asia
Aoii,Female,Japan,Asia
Aoio,Female,Japan,Asia
Aoiu,Female,Japan,Asia
Aoison,Female,Japan,Asia
Aoisen,Female,Japan,Asia
Aoiov,Female,Japan,Asia
Aoiez,Female,Japan,Asia
Aoiian,Female,Japan,Asia
AlSakura,Female,Japan,Asia
DeSakura,Female,Japan,Asia
ElSakura,Female,Japan,Asia
LaSakura,Female,Japan,Asia
SanSakura,Female,Japan,Asia
VanSakura,Female,Japan,Asia
VonSakura,Female,Japan,Asia
DiSakura,Female,Japan,Asia
LeSakura,Female,Japan,Asia
O'Sakura,Female,Japan,Asia
Sakuraa,Female,Japan,Asia
Sakurae,Female,Japan,Asia
Sakurai,Female,Japan,Asia
Sakurao,Female,Japan,Asia
Sakurau,Female,Japan,Asia
Sakurason,Female,Japan,Asia
Sakurasen,Female,Japan,Asia
Sakuraov,Female,Japan,Asia
Sakuraez,Female,Japan,Asia
Sakuraian,Female,Japan,Asia
AlHana,Female,Japan,Asia
DeHana,Female,Japan,Asia
ElHana,Female,Japan,Asia
LaHana,Female,Japan,Asia
SanHana,Female,Japan,Asia
VanHana,Female,Japan,Asia
VonHana,Female,Japan,Asia
DiHana,Female,Japan,Asia
LeHana,Female,Japan,Asia
O'Hana,Female,Japan,Asia
Hanaa,Female,Japan,Asia
Hanae,Female,Japan,Asia
Hanai,Female,Japan,Asia
Hanao,Female,Japan,Asia
Hanau,Female,Japan,Asia
Hanason,Female,Japan,Asia
Hanasen,Female,Japan,Asia
Hanaov,Female,Japan,Asia
Hanaez,Female,Japan,Asia
Hanaian,Female,Japan,Asia
AlYuna,Female,Japan,Asia
DeYuna,Female,Japan,Asia
ElYuna,Female,Japan,Asia
LaYuna,Female,Japan,Asia
SanYuna,Female,Japan,Asia
VanYuna,Female,Japan,Asia
VonYuna,Female,Japan,Asia
DiYuna,Female,Japan,Asia
LeYuna,Female,Japan,Asia
O'Yuna,Female,Japan,Asia
Yunaa,Female,Japan,Asia
Yunae,Female,Japan,Asia
Yunai,Female,Japan,Asia
Yunao,Female,Japan,Asia
Yunau,Female,Japan,Asia
Yunason,Female,Japan,Asia
Yunasen,Female,Japan,Asia
Yunaov,Female,Japan,Asia
Yunaez,Female,Japan,Asia
Yunaian,Female,Japan,Asia
AlRin,Female,Japan,Asia
DeRin,Female,Japan,Asia
ElRin,Female,Japan,Asia
LaRin,Female,Japan,Asia
SanRin,Female,Japan,Asia
VanRin,Female,Japan,Asia
VonRin,Female,Japan,Asia
DiRin,Female,Japan,Asia
LeRin,Female,Japan,Asia
O'Rin,Female,Japan,Asia
Rina,Female,Japan,Asia
Rine,Female,Japan,Asia
Rini,Female,Japan,Asia
Rino,Female,Japan,Asia
Rinu,Female,Japan,Asia
Minjun,Male,South Korea,Asia
Jisoo,Male,South Korea,Asia
Hyunwoo,Male,South Korea,Asia
Jihoon,Male,South Korea,Asia
Seojun,Male,South Korea,Asia
Donghyun,Male,South Korea,Asia
Jongho,Male,South Korea,Asia
Taehyun,Male,South Korea,Asia
Sungmin,Male,South Korea,Asia
Yunho,Male,South Korea,Asia
AlMinjun,Male,South Korea,Asia
DeMinjun,Male,South Korea,Asia
ElMinjun,Male,South Korea,Asia
LaMinjun,Male,South Korea,Asia
SanMinjun,Male,South Korea,Asia
VanMinjun,Male,South Korea,Asia
VonMinjun,Male,South Korea,Asia
DiMinjun,Male,South Korea,Asia
LeMinjun,Male,South Korea,Asia
O'Minjun,Male,South Korea,Asia
Minjuna,Male,South Korea,Asia
Minjune,Male,South Korea,Asia
Minjuni,Male,South Korea,Asia
Minjuno,Male,South Korea,Asia
Minjunu,Male,South Korea,Asia
Minjunson,Male,South Korea,Asia
Minjunsen,Male,South Korea,Asia
Minjunov,Male,South Korea,Asia
Minjunez,Male,South Korea,Asia
Minjunian,Male,South Korea,Asia
AlJisoo,Male,South Korea,Asia
DeJisoo,Male,South Korea,Asia
ElJisoo,Male,South Korea,Asia
LaJisoo,Male,South Korea,Asia
SanJisoo,Male,South Korea,Asia
VanJisoo,Male,South Korea,Asia
VonJisoo,Male,South Korea,Asia
DiJisoo,Male,South Korea,Asia
LeJisoo,Male,South Korea,Asia
O'Jisoo,Male,South Korea,Asia
Jisooa,Male,South Korea,Asia
Jisooe,Male,South Korea,Asia
Jisooi,Male,South Korea,Asia
Jisooo,Male,South Korea,Asia
Jisoou,Male,South Korea,Asia
Jisooson,Male,South Korea,Asia
Jisoosen,Male,South Korea,Asia
Jisooov,Male,South Korea,Asia
Jisooez,Male,South Korea,Asia
Jisooian,Male,South Korea,Asia
AlHyunwoo,Male,South Korea,Asia
DeHyunwoo,Male,South Korea,Asia
ElHyunwoo,Male,South Korea,Asia
LaHyunwoo,Male,South Korea,Asia
SanHyunwoo,Male,South Korea,Asia
VanHyunwoo,Male,South Korea,Asia
VonHyunwoo,Male,South Korea,Asia
DiHyunwoo,Male,South Korea,Asia
LeHyunwoo,Male,South Korea,Asia
O'Hyunwoo,Male,South Korea,Asia
Hyunwooa,Male,South Korea,Asia
Hyunwooe,Male,South Korea,Asia
Hyunwooi,Male,South Korea,Asia
Hyunwooo,Male,South Korea,Asia
Hyunwoou,Male,South Korea,Asia
Hyunwooson,Male,South Korea,Asia
Hyunwoosen,Male,South Korea,Asia
Hyunwooov,Male,South Korea,Asia
Hyunwooez,Male,South Korea,Asia
Hyunwooian,Male,South Korea,Asia
AlJihoon,Male,South Korea,Asia
DeJihoon,Male,South Korea,Asia
ElJihoon,Male,South Korea,Asia
LaJihoon,Male,South Korea,Asia
SanJihoon,Male,South Korea,Asia
VanJihoon,Male,South Korea,Asia
VonJihoon,Male,South Korea,Asia
DiJihoon,Male,South Korea,Asia
LeJihoon,Male,South Korea,Asia
O'Jihoon,Male,South Korea,Asia
Jihoona,Male,South Korea,Asia
Jihoone,Male,South Korea,Asia
Jihooni,Male,South Korea,Asia
Jihoono,Male,South Korea,Asia
Jihoonu,Male,South Korea,Asia
Jihoonson,Male,South Korea,Asia
Jihoonsen,Male,South Korea,Asia
Jihoonov,Male,South Korea,Asia
Jihoonez,Male,South Korea,Asia
Jihoonian,Male,South Korea,Asia
AlSeojun,Male,South Korea,Asia
DeSeojun,Male,South Korea,Asia
ElSeojun,Male,South Korea,Asia
LaSeojun,Male,South Korea,Asia
SanSeojun,Male,South Korea,Asia
VanSeojun,Male,South Korea,Asia
VonSeojun,Male,South Korea,Asia
DiSeojun,Male,South Korea,Asia
LeSeojun,Male,South Korea,Asia
O'Seojun,Male,South Korea,Asia
Seojuna,Male,South Korea,Asia
Seojune,Male,South Korea,Asia
Seojuni,Male,South Korea,Asia
Seojuno,Male,South Korea,Asia
Seojunu,Male,South Korea,Asia
Seojunson,Male,South Korea,Asia
Seojunsen,Male,South Korea,Asia
Seojunov,Male,South Korea,Asia
Seojunez,Male,South Korea,Asia
Seojunian,Male,South Korea,Asia
AlDonghyun,Male,South Korea,Asia
DeDonghyun,Male,South Korea,Asia
ElDonghyun,Male,South Korea,Asia
LaDonghyun,Male,South Korea,Asia
SanDonghyun,Male,South Korea,Asia
VanDonghyun,Male,South Korea,Asia
VonDonghyun,Male,South Korea,Asia
DiDonghyun,Male,South Korea,Asia
LeDonghyun,Male,South Korea,Asia
O'Donghyun,Male,South Korea,Asia
Donghyuna,Male,South Korea,Asia
Donghyune,Male,South Korea,Asia
Donghyuni,Male,South Korea,Asia
Donghyuno,Male,South Korea,Asia
Donghyunu,Male,South Korea,Asia
Jisoo,Female,South Korea,Asia
Yuna,Female,South Korea,Asia
Soojin,Female,South Korea,Asia
Minji,Female,South Korea,Asia
Seoyeon,Female,South Korea,Asia
Jiwoo,Female,South Korea,Asia
Haein,Female,South Korea,Asia
Yejin,Female,South Korea,Asia
Chaeyoung,Female,South Korea,Asia
Eunji,Female,South Korea,Asia
AlJisoo,Female,South Korea,Asia
DeJisoo,Female,South Korea,Asia
ElJisoo,Female,South Korea,Asia
LaJisoo,Female,South Korea,Asia
SanJisoo,Female,South Korea,Asia
VanJisoo,Female,South Korea,Asia
VonJisoo,Female,South Korea,Asia
DiJisoo,Female,South Korea,Asia
LeJisoo,Female,South Korea,Asia
O'Jisoo,Female,South Korea,Asia
Jisooa,Female,South Korea,Asia
Jisooe,Female,South Korea,Asia
Jisooi,Female,South Korea,Asia
Jisooo,Female,South Korea,Asia
Jisoou,Female,South Korea,Asia
Jisooson,Female,South Korea,Asia
Jisoosen,Female,South Korea,Asia
Jisooov,Female,South Korea,Asia
Jisooez,Female,South Korea,Asia
Jisooian,Female,South Korea,Asia
AlYuna,Female,South Korea,Asia
DeYuna,Female,South Korea,Asia
ElYuna,Female,South Korea,Asia
LaYuna,Female,South Korea,Asia
SanYuna,Female,South Korea,Asia
VanYuna,Female,South Korea,Asia
VonYuna,Female,South Korea,Asia
DiYuna,Female,South Korea,Asia
LeYuna,Female,South Korea,Asia
O'Yuna,Female,South Korea,Asia
Yunaa,Female,South Korea,Asia
Yunae,Female,South Korea,Asia
Yunai,Female,South Korea,Asia
Yunao,Female,South Korea,Asia
Yunau,Female,South Korea,Asia
Yunason,Female,South Korea,Asia
Yunasen,Female,South Korea,Asia
Yunaov,Female,South Korea,Asia
Yunaez,Female,South Korea,Asia
Yunaian,Female,South Korea,Asia
AlSoojin,Female,South Korea,Asia
DeSoojin,Female,South Korea,Asia
ElSoojin,Female,South Korea,Asia
LaSoojin,Female,South Korea,Asia
SanSoojin,Female,South Korea,Asia
VanSoojin,Female,South Korea,Asia
VonSoojin,Female,South Korea,Asia
DiSoojin,Female,South Korea,Asia
LeSoojin,Female,South Korea,Asia
O'Soojin,Female,South Korea,Asia
Soojina,Female,South Korea,Asia
Soojine,Female,South Korea,Asia
Soojini,Female,South Korea,Asia
Soojino,Female,South Korea,Asia
Soojinu,Female,South Korea,Asia
Soojinson,Female,South Korea,Asia
Soojinsen,Female,South Korea,Asia
Soojinov,Female,South Korea,Asia
Soojinez,Female,South Korea,Asia
Soojinian,Female,South Korea,Asia
AlMinji,Female,South Korea,Asia
DeMinji,Female,South Korea,Asia
ElMinji,Female,South Korea,Asia
LaMinji,Female,South Korea,Asia
SanMinji,Female,South Korea,Asia
VanMinji,Female,South Korea,Asia
VonMinji,Female,South Korea,Asia
DiMinji,Female,South Korea,Asia
LeMinji,Female,South Korea,Asia
O'Minji,Female,South Korea,Asia
Minjia,Female,South Korea,Asia
Minjie,Female,South Korea,Asia
Minjii,Female,South Korea,Asia
Minjio,Female,South Korea,Asia
Minjiu,Female,South Korea,Asia
Minjison,Female,South Korea,Asia
Minjisen,Female,South Korea,Asia
Minjiov,Female,South Korea,Asia
Minjiez,Female,South Korea,Asia
Minjiian,Female,South Korea,Asia
AlSeoyeon,Female,South Korea,Asia
DeSeoyeon,Female,South Korea,Asia
ElSeoyeon,Female,South Korea,Asia
LaSeoyeon,Female,South Korea,Asia
SanSeoyeon,Female,South Korea,Asia
VanSeoyeon,Female,South Korea,Asia
VonSeoyeon,Female,South Korea,Asia
DiSeoyeon,Female,South Korea,Asia
LeSeoyeon,Female,South Korea,Asia
O'Seoyeon,Female,South Korea,Asia
Seoyeona,Female,South Korea,Asia
Seoyeone,Female,South Korea,Asia
Seoyeoni,Female,South Korea,Asia
Seoyeono,Female,South Korea,Asia
Seoyeonu,Female,South Korea,Asia
Seoyeonson,Female,South Korea,Asia
Seoyeonsen,Female,South Korea,Asia
Seoyeonov,Female,South Korea,Asia
Seoyeonez,Female,South Korea,Asia
Seoyeonian,Female,South Korea,Asia
AlJiwoo,Female,South Korea,Asia
DeJiwoo,Female,South Korea,Asia
ElJiwoo,Female,South Korea,Asia
LaJiwoo,Female,South Korea,Asia
SanJiwoo,Female,South Korea,Asia
VanJiwoo,Female,South Korea,Asia
VonJiwoo,Female,South Korea,Asia
DiJiwoo,Female,South Korea,Asia
LeJiwoo,Female,South Korea,Asia
O'Jiwoo,Female,South Korea,Asia
Jiwooa,Female,South Korea,Asia
Jiwooe,Female,South Korea,Asia
Jiwooi,Female,South Korea,Asia
Jiwooo,Female,South Korea,Asia
Jiwoou,Female,South Korea,Asia
