Name,Country,Region
Smith,United States,North America
Johnson,United States,North America
Williams,United States,North America
Brown,United States,North America
Jones,United States,North America
Garcia,United States,North America
Miller,United States,North America
Davis,United States,North America
Rodriguez,United States,North America
Martinez,United States,North America
AlSmith,United States,North America
DeSmith,United States,North America
ElSmith,United States,North America
LaSmith,United States,North America
SanSmith,United States,North America
VanSmith,United States,North America
VonSmith,United States,North America
DiSmith,United States,North America
LeSmith,United States,North America
O'Smith,United States,North America
Smitha,United States,North America
Smithe,United States,North America
Smithi,United States,North America
Smitho,United States,North America
Smithu,United States,North America
Smithson,United States,North America
Smithsen,United States,North America
Smithov,United States,North America
Smithez,United States,North America
Smithian,United States,North America
AlJohnson,United States,North America
DeJohnson,United States,North America
ElJohnson,United States,North America
LaJohnson,United States,North America
SanJohnson,United States,North America
VanJohnson,United States,North America
VonJohnson,United States,North America
DiJohnson,United States,North America
LeJohnson,United States,North America
O'Johnson,United States,North America
Johnsona,United States,North America
Johnsone,United States,North America
Johnsoni,United States,North America
Johnsono,United States,North America
Johnsonu,United States,North America
Johnsonson,United States,North America
Johnsonsen,United States,North America
Johnsonov,United States,North America
Johnsonez,United States,North America
Johnsonian,United States,North America
AlWilliams,United States,North America
DeWilliams,United States,North America
ElWilliams,United States,North America
LaWilliams,United States,North America
SanWilliams,United States,North America
VanWilliams,United States,North America
VonWilliams,United States,North America
DiWilliams,United States,North America
LeWilliams,United States,North America
O'Williams,United States,North America
Williamsa,United States,North America
Williamse,United States,North America
Williamsi,United States,North America
Williamso,United States,North America
Williamsu,United States,North America
Williamsson,United States,North America
Williamssen,United States,North America
Williamsov,United States,North America
Williamsez,United States,North America
Williamsian,United States,North America
AlBrown,United States,North America
DeBrown,United States,North America
ElBrown,United States,North America
LaBrown,United States,North America
SanBrown,United States,North America
VanBrown,United States,North America
VonBrown,United States,North America
DiBrown,United States,North America
LeBrown,United States,North America
O'Brown,United States,North America
Browna,United States,North America
Browne,United States,North America
Browni,United States,North America
Browno,United States,North America
Brownu,United States,North America
Brownson,United States,North America
Brownsen,United States,North America
Brownov,United States,North America
Brownez,United States,North America
Brownian,United States,North America
AlJones,United States,North America
DeJones,United States,North America
ElJones,United States,North America
LaJones,United States,North America
SanJones,United States,North America
VanJones,United States,North America
VonJones,United States,North America
DiJones,United States,North America
LeJones,United States,North America
O'Jones,United States,North America
Jonesa,United States,North America
Jonese,United States,North America
Jonesi,United States,North America
Joneso,United States,North America
Jonesu,United States,North America
Jonesson,United States,North America
Jonessen,United States,North America
Jonesov,United States,North America
Jonesez,United States,North America
Jonesian,United States,North America
AlGarcia,United States,North America
DeGarcia,United States,North America
ElGarcia,United States,North America
LaGarcia,United States,North America
SanGarcia,United States,North America
VanGarcia,United States,North America
VonGarcia,United States,North America
DiGarcia,United States,North America
LeGarcia,United States,North America
O'Garcia,United States,North America
Garciaa,United States,North America
Garciae,United States,North America
Garciai,United States,North America
Garciao,United States,North America
Garciau,United States,North America
Hernandez,Mexico,North America
Garcia,Mexico,North America
Martinez,Mexico,North America
Lopez,Mexico,North America
Gonzalez,Mexico,North America
Perez,Mexico,North America
Rodriguez,Mexico,North America
Sanchez,Mexico,North America
Ramirez,Mexico,North America
Cruz,Mexico,North America
AlHernandez,Mexico,North America
DeHernandez,Mexico,North America
ElHernandez,Mexico,North America
LaHernandez,Mexico,North America
SanHernandez,Mexico,North America
VanHernandez,Mexico,North America
VonHernandez,Mexico,North America
DiHernandez,Mexico,North America
LeHernandez,Mexico,North America
O'Hernandez,Mexico,North America
Hernandeza,Mexico,North America
Hernandeze,Mexico,North America
Hernandezi,Mexico,North America
Hernandezo,Mexico,North America
Hernandezu,Mexico,North America
Hernandezson,Mexico,North America
Hernandezsen,Mexico,North America
Hernandezov,Mexico,North America
Hernandezez,Mexico,North America
Hernandezian,Mexico,North America
AlGarcia,Mexico,North America
DeGarcia,Mexico,North America
ElGarcia,Mexico,North America
LaGarcia,Mexico,North America
SanGarcia,Mexico,North America
VanGarcia,Mexico,North America
VonGarcia,Mexico,North America
DiGarcia,Mexico,North America
LeGarcia,Mexico,North America
O'Garcia,Mexico,North America
Garciaa,Mexico,North America
Garciae,Mexico,North America
Garciai,Mexico,North America
Garciao,Mexico,North America
Garciau,Mexico,North America
Garciason,Mexico,North America
Garciasen,Mexico,North America
Garciaov,Mexico,North America
Garciaez,Mexico,North America
Garciaian,Mexico,North America
AlMartinez,Mexico,North America
DeMartinez,Mexico,North America
ElMartinez,Mexico,North America
LaMartinez,Mexico,North America
SanMartinez,Mexico,North America
VanMartinez,Mexico,North America
VonMartinez,Mexico,North America
DiMartinez,Mexico,North America
LeMartinez,Mexico,North America
O'Martinez,Mexico,North America
Martineza,Mexico,North America
Martineze,Mexico,North America
Martinezi,Mexico,North America
Martinezo,Mexico,North America
Martinezu,Mexico,North America
Martinezson,Mexico,North America
Martinezsen,Mexico,North America
Martinezov,Mexico,North America
Martinezez,Mexico,North America
Martinezian,Mexico,North America
AlLopez,Mexico,North America
DeLopez,Mexico,North America
ElLopez,Mexico,North America
LaLopez,Mexico,North America
SanLopez,Mexico,North America
VanLopez,Mexico,North America
VonLopez,Mexico,North America
DiLopez,Mexico,North America
LeLopez,Mexico,North America
O'Lopez,Mexico,North America
Lopeza,Mexico,North America
Lopeze,Mexico,North America
Lopezi,Mexico,North America
Lopezo,Mexico,North America
Lopezu,Mexico,North America
Lopezson,Mexico,North America
Lopezsen,Mexico,North America
Lopezov,Mexico,North America
Lopezez,Mexico,North America
Lopezian,Mexico,North America
AlGonzalez,Mexico,North America
DeGonzalez,Mexico,North America
ElGonzalez,Mexico,North America
LaGonzalez,Mexico,North America
SanGonzalez,Mexico,North America
VanGonzalez,Mexico,North America
VonGonzalez,Mexico,North America
DiGonzalez,Mexico,North America
LeGonzalez,Mexico,North America
O'Gonzalez,Mexico,North America
Gonzaleza,Mexico,North America
Gonzaleze,Mexico,North America
Gonzalezi,Mexico,North America
Gonzalezo,Mexico,North America
Gonzalezu,Mexico,North America
Gonzalezson,Mexico,North America
Gonzalezsen,Mexico,North America
Gonzalezov,Mexico,North America
Gonzalezez,Mexico,North America
Gonzalezian,Mexico,North America
AlPerez,Mexico,North America
DePerez,Mexico,North America
ElPerez,Mexico,North America
LaPerez,Mexico,North America
SanPerez,Mexico,North America
VanPerez,Mexico,North America
VonPerez,Mexico,North America
DiPerez,Mexico,North America
LePerez,Mexico,North America
O'Perez,Mexico,North America
Pereza,Mexico,North America
Pereze,Mexico,North America
Perezi,Mexico,North America
Perezo,Mexico,North America
Perezu,Mexico,North America
Silva,Brazil,South America
Santos,Brazil,South America
Oliveira,Brazil,South America
Souza,Brazil,South America
Rodrigues,Brazil,South America
Ferreira,Brazil,South America
Alves,Brazil,South America
Pereira,Brazil,South America
Lima,Brazil,South America
Gomes,Brazil,South America
AlSilva,Brazil,South America
DeSilva,Brazil,South America
ElSilva,Brazil,South America
LaSilva,Brazil,South America
SanSilva,Brazil,South America
VanSilva,Brazil,South America
VonSilva,Brazil,South America
DiSilva,Brazil,South America
LeSilva,Brazil,South America
O'Silva,Brazil,South America
Silvaa,Brazil,South America
Silvae,Brazil,South America
Silvai,Brazil,South America
Silvao,Brazil,South America
Silvau,Brazil,South America
Silvason,Brazil,South America
Silvasen,Brazil,South America
Silvaov,Brazil,South America
Silvaez,Brazil,South America
Silvaian,Brazil,South America
AlSantos,Brazil,South America
DeSantos,Brazil,South America
ElSantos,Brazil,South America
LaSantos,Brazil,South America
SanSantos,Brazil,South America
VanSantos,Brazil,South America
VonSantos,Brazil,South America
DiSantos,Brazil,South America
LeSantos,Brazil,South America
O'Santos,Brazil,South America
Santosa,Brazil,South America
Santose,Brazil,South America
Santosi,Brazil,South America
Santoso,Brazil,South America
Santosu,Brazil,South America
Santosson,Brazil,South America
Santossen,Brazil,South America
Santosov,Brazil,South America
Santosez,Brazil,South America
Santosian,Brazil,South America
AlOliveira,Brazil,South America
DeOliveira,Brazil,South America
ElOliveira,Brazil,South America
LaOliveira,Brazil,South America
SanOliveira,Brazil,South America
VanOliveira,Brazil,South America
VonOliveira,Brazil,South America
DiOliveira,Brazil,South America
LeOliveira,Brazil,South America
O'Oliveira,Brazil,South America
Oliveiraa,Brazil,South America
Oliveirae,Brazil,South America
Oliveirai,Brazil,South America
Oliveirao,Brazil,South America
Oliveirau,Brazil,South America
Oliveirason,Brazil,South America
Oliveirasen,Brazil,South America
Oliveiraov,Brazil,South America
Oliveiraez,Brazil,South America
Oliveiraian,Brazil,South America
AlSouza,Brazil,South America
DeSouza,Brazil,South America
ElSouza,Brazil,South America
LaSouza,Brazil,South America
SanSouza,Brazil,South America
VanSouza,Brazil,South America
VonSouza,Brazil,South America
DiSouza,Brazil,South America
LeSouza,Brazil,South America
O'Souza,Brazil,South America
Souzaa,Brazil,South America
Souzae,Brazil,South America
Souzai,Brazil,South America
Souzao,Brazil,South America
Souzau,Brazil,South America
Souzason,Brazil,South America
Souzasen,Brazil,South America
Souzaov,Brazil,South America
Souzaez,Brazil,South America
Souzaian,Brazil,South America
AlRodrigues,Brazil,South America
DeRodrigues,Brazil,South America
ElRodrigues,Brazil,South America
LaRodrigues,Brazil,South America
SanRodrigues,Brazil,South America
VanRodrigues,Brazil,South America
VonRodrigues,Brazil,South America
DiRodrigues,Brazil,South America
LeRodrigues,Brazil,South America
O'Rodrigues,Brazil,South America
Rodriguesa,Brazil,South America
Rodriguese,Brazil,South America
Rodriguesi,Brazil,South America
Rodrigueso,Brazil,South America
Rodriguesu,Brazil,South America
Rodriguesson,Brazil,South America
Rodriguessen,Brazil,South America
Rodriguesov,Brazil,South America
Rodriguesez,Brazil,South America
Rodriguesian,Brazil,South America
AlFerreira,Brazil,South America
DeFerreira,Brazil,South America
ElFerreira,Brazil,South America
LaFerreira,Brazil,South America
SanFerreira,Brazil,South America
VanFerreira,Brazil,South America
VonFerreira,Brazil,South America
DiFerreira,Brazil,South America
LeFerreira,Brazil,South America
O'Ferreira,Brazil,South America
Ferreiraa,Brazil,South America
Ferreirae,Brazil,South America
Ferreirai,Brazil,South America
Ferreirao,Brazil,South America
Ferreirau,Brazil,South America
Gonzalez,Argentina,South America
Rodriguez,Argentina,South America
Gomez,Argentina,South America
Fernandez,Argentina,South America
Lopez,Argentina,South America
Martinez,Argentina,South America
Perez,Argentina,South America
Garcia,Argentina,South America
Sanchez,Argentina,South America
Romero,Argentina,South America
AlGonzalez,Argentina,South America
DeGonzalez,Argentina,South America
ElGonzalez,Argentina,South America
LaGonzalez,Argentina,South America
SanGonzalez,Argentina,South America
VanGonzalez,Argentina,South America
VonGonzalez,Argentina,South America
DiGonzalez,Argentina,South America
LeGonzalez,Argentina,South America
O'Gonzalez,Argentina,South America
Gonzaleza,Argentina,South America
Gonzaleze,Argentina,South America
Gonzalezi,Argentina,South America
Gonzalezo,Argentina,South America
Gonzalezu,Argentina,South America
Gonzalezson,Argentina,South America
Gonzalezsen,Argentina,South America
Gonzalezov,Argentina,South America
Gonzalezez,Argentina,South America
Gonzalezian,Argentina,South America
AlRodriguez,Argentina,South America
DeRodriguez,Argentina,South America
ElRodriguez,Argentina,South America
LaRodriguez,Argentina,South America
SanRodriguez,Argentina,South America
VanRodriguez,Argentina,South America
VonRodriguez,Argentina,South America
DiRodriguez,Argentina,South America
LeRodriguez,Argentina,South America
O'Rodriguez,Argentina,South America
Rodrigueza,Argentina,South America
Rodrigueze,Argentina,South America
Rodriguezi,Argentina,South America
Rodriguezo,Argentina,South America
Rodriguezu,Argentina,South America
Rodriguezson,Argentina,South America
Rodriguezsen,Argentina,South America
Rodriguezov,Argentina,South America
Rodriguezez,Argentina,South America
Rodriguezian,Argentina,South America
AlGomez,Argentina,South America
DeGomez,Argentina,South America
ElGomez,Argentina,South America
LaGomez,Argentina,South America
SanGomez,Argentina,South America
VanGomez,Argentina,South America
VonGomez,Argentina,South America
DiGomez,Argentina,South America
LeGomez,Argentina,South America
O'Gomez,Argentina,South America
Gomeza,Argentina,South America
Gomeze,Argentina,South America
Gomezi,Argentina,South America
Gomezo,Argentina,South America
Gomezu,Argentina,South America
Gomezson,Argentina,South America
Gomezsen,Argentina,South America
Gomezov,Argentina,South America
Gomezez,Argentina,South America
Gomezian,Argentina,South America
AlFernandez,Argentina,South America
DeFernandez,Argentina,South America
ElFernandez,Argentina,South America
LaFernandez,Argentina,South America
SanFernandez,Argentina,South America
VanFernandez,Argentina,South America
VonFernandez,Argentina,South America
DiFernandez,Argentina,South America
LeFernandez,Argentina,South America
O'Fernandez,Argentina,South America
Fernandeza,Argentina,South America
Fernandeze,Argentina,South America
Fernandezi,Argentina,South America
Fernandezo,Argentina,South America
Fernandezu,Argentina,South America
Fernandezson,Argentina,South America
Fernandezsen,Argentina,South America
Fernandezov,Argentina,South America
Fernandezez,Argentina,South America
Fernandezian,Argentina,South America
AlLopez,Argentina,South America
DeLopez,Argentina,South America
ElLopez,Argentina,South America
LaLopez,Argentina,South America
SanLopez,Argentina,South America
VanLopez,Argentina,South America
VonLopez,Argentina,South America
DiLopez,Argentina,South America
LeLopez,Argentina,South America
O'Lopez,Argentina,South America
Lopeza,Argentina,South America
Lopeze,Argentina,South America
Lopezi,Argentina,South America
Lopezo,Argentina,South America
Lopezu,Argentina,South America
Lopezson,Argentina,South America
Lopezsen,Argentina,South America
Lopezov,Argentina,South America
Lopezez,Argentina,South America
Lopezian,Argentina,South America
AlMartinez,Argentina,South America
DeMartinez,Argentina,South America
ElMartinez,Argentina,South America
LaMartinez,Argentina,South America
SanMartinez,Argentina,South America
VanMartinez,Argentina,South America
VonMartinez,Argentina,South America
DiMartinez,Argentina,South America
LeMartinez,Argentina,South America
O'Martinez,Argentina,South America
Martineza,Argentina,South America
Martineze,Argentina,South America
Martinezi,Argentina,South America
Martinezo,Argentina,South America
Martinezu,Argentina,South America
Smith,United Kingdom,Europe
Jones,United Kingdom,Europe
Taylor,United Kingdom,Europe
Brown,United Kingdom,Europe
Williams,United Kingdom,Europe
Wilson,United Kingdom,Europe
Johnson,United Kingdom,Europe
Davies,United Kingdom,Europe
Patel,United Kingdom,Europe
Wright,United Kingdom,Europe
AlSmith,United Kingdom,Europe
DeSmith,United Kingdom,Europe
ElSmith,United Kingdom,Europe
LaSmith,United Kingdom,Europe
SanSmith,United Kingdom,Europe
VanSmith,United Kingdom,Europe
VonSmith,United Kingdom,Europe
DiSmith,United Kingdom,Europe
LeSmith,United Kingdom,Europe
O'Smith,United Kingdom,Europe
Smitha,United Kingdom,Europe
Smithe,United Kingdom,Europe
Smithi,United Kingdom,Europe
Smitho,United Kingdom,Europe
Smithu,United Kingdom,Europe
Smithson,United Kingdom,Europe
Smithsen,United Kingdom,Europe
Smithov,United Kingdom,Europe
Smithez,United Kingdom,Europe
Smithian,United Kingdom,Europe
AlJones,United Kingdom,Europe
DeJones,United Kingdom,Europe
ElJones,United Kingdom,Europe
LaJones,United Kingdom,Europe
SanJones,United Kingdom,Europe
VanJones,United Kingdom,Europe
VonJones,United Kingdom,Europe
DiJones,United Kingdom,Europe
LeJones,United Kingdom,Europe
O'Jones,United Kingdom,Europe
Jonesa,United Kingdom,Europe
Jonese,United Kingdom,Europe
Jonesi,United Kingdom,Europe
Joneso,United Kingdom,Europe
Jonesu,United Kingdom,Europe
Jonesson,United Kingdom,Europe
Jonessen,United Kingdom,Europe
Jonesov,United Kingdom,Europe
Jonesez,United Kingdom,Europe
Jonesian,United Kingdom,Europe
AlTaylor,United Kingdom,Europe
DeTaylor,United Kingdom,Europe
ElTaylor,United Kingdom,Europe
LaTaylor,United Kingdom,Europe
SanTaylor,United Kingdom,Europe
VanTaylor,United Kingdom,Europe
VonTaylor,United Kingdom,Europe
DiTaylor,United Kingdom,Europe
LeTaylor,United Kingdom,Europe
O'Taylor,United Kingdom,Europe
Taylora,United Kingdom,Europe
Taylore,United Kingdom,Europe
Taylori,United Kingdom,Europe
Tayloro,United Kingdom,Europe
Tayloru,United Kingdom,Europe
Taylorson,United Kingdom,Europe
Taylorsen,United Kingdom,Europe
Taylorov,United Kingdom,Europe
Taylorez,United Kingdom,Europe
Taylorian,United Kingdom,Europe
AlBrown,United Kingdom,Europe
DeBrown,United Kingdom,Europe
ElBrown,United Kingdom,Europe
LaBrown,United Kingdom,Europe
SanBrown,United Kingdom,Europe
VanBrown,United Kingdom,Europe
VonBrown,United Kingdom,Europe
DiBrown,United Kingdom,Europe
LeBrown,United Kingdom,Europe
O'Brown,United Kingdom,Europe
Browna,United Kingdom,Europe
Browne,United Kingdom,Europe
Browni,United Kingdom,Europe
Browno,United Kingdom,Europe
Brownu,United Kingdom,Europe
Brownson,United Kingdom,Europe
Brownsen,United Kingdom,Europe
Brownov,United Kingdom,Europe
Brownez,United Kingdom,Europe
Brownian,United Kingdom,Europe
AlWilliams,United Kingdom,Europe
DeWilliams,United Kingdom,Europe
ElWilliams,United Kingdom,Europe
LaWilliams,United Kingdom,Europe
SanWilliams,United Kingdom,Europe
VanWilliams,United Kingdom,Europe
VonWilliams,United Kingdom,Europe
DiWilliams,United Kingdom,Europe
LeWilliams,United Kingdom,Europe
O'Williams,United Kingdom,Europe
Williamsa,United Kingdom,Europe
Williamse,United Kingdom,Europe
Williamsi,United Kingdom,Europe
Williamso,United Kingdom,Europe
Williamsu,United Kingdom,Europe
Williamsson,United Kingdom,Europe
Williamssen,United Kingdom,Europe
Williamsov,United Kingdom,Europe
Williamsez,United Kingdom,Europe
Williamsian,United Kingdom,Europe
AlWilson,United Kingdom,Europe
DeWilson,United Kingdom,Europe
ElWilson,United Kingdom,Europe
LaWilson,United Kingdom,Europe
SanWilson,United Kingdom,Europe
VanWilson,United Kingdom,Europe
VonWilson,United Kingdom,Europe
DiWilson,United Kingdom,Europe
LeWilson,United Kingdom,Europe
O'Wilson,United Kingdom,Europe
Wilsona,United Kingdom,Europe
Wilsone,United Kingdom,Europe
Wilsoni,United Kingdom,Europe
Wilsono,United Kingdom,Europe
Wilsonu,United Kingdom,Europe
Muller,Germany,Europe
Schmidt,Germany,Europe
Schneider,Germany,Europe
Fischer,Germany,Europe
Weber,Germany,Europe
Meyer,Germany,Europe
Wagner,Germany,Europe
Becker,Germany,Europe
Schulz,Germany,Europe
Hoffmann,Germany,Europe
AlMuller,Germany,Europe
DeMuller,Germany,Europe
ElMuller,Germany,Europe
LaMuller,Germany,Europe
SanMuller,Germany,Europe
VanMuller,Germany,Europe
VonMuller,Germany,Europe
DiMuller,Germany,Europe
LeMuller,Germany,Europe
O'Muller,Germany,Europe
Mullera,Germany,Europe
Mullere,Germany,Europe
Mulleri,Germany,Europe
Mullero,Germany,Europe
Mulleru,Germany,Europe
Mullerson,Germany,Europe
Mullersen,Germany,Europe
Mullerov,Germany,Europe
Mullerez,Germany,Europe
Mullerian,Germany,Europe
AlSchmidt,Germany,Europe
DeSchmidt,Germany,Europe
ElSchmidt,Germany,Europe
LaSchmidt,Germany,Europe
SanSchmidt,Germany,Europe
VanSchmidt,Germany,Europe
VonSchmidt,Germany,Europe
DiSchmidt,Germany,Europe
LeSchmidt,Germany,Europe
O'Schmidt,Germany,Europe
Schmidta,Germany,Europe
Schmidte,Germany,Europe
Schmidti,Germany,Europe
Schmidto,Germany,Europe
Schmidtu,Germany,Europe
Schmidtson,Germany,Europe
Schmidtsen,Germany,Europe
Schmidtov,Germany,Europe
Schmidtez,Germany,Europe
Schmidtian,Germany,Europe
AlSchneider,Germany,Europe
DeSchneider,Germany,Europe
ElSchneider,Germany,Europe
LaSchneider,Germany,Europe
SanSchneider,Germany,Europe
VanSchneider,Germany,Europe
VonSchneider,Germany,Europe
DiSchneider,Germany,Europe
LeSchneider,Germany,Europe
O'Schneider,Germany,Europe
Schneidera,Germany,Europe
Schneidere,Germany,Europe
Schneideri,Germany,Europe
Schneidero,Germany,Europe
Schneideru,Germany,Europe
Schneiderson,Germany,Europe
Schneidersen,Germany,Europe
Schneiderov,Germany,Europe
Schneiderez,Germany,Europe
Schneiderian,Germany,Europe
AlFischer,Germany,Europe
DeFischer,Germany,Europe
ElFischer,Germany,Europe
LaFischer,Germany,Europe
SanFischer,Germany,Europe
VanFischer,Germany,Europe
VonFischer,Germany,Europe
DiFischer,Germany,Europe
LeFischer,Germany,Europe
O'Fischer,Germany,Europe
Fischera,Germany,Europe
Fischere,Germany,Europe
Fischeri,Germany,Europe
Fischero,Germany,Europe
Fischeru,Germany,Europe
Fischerson,Germany,Europe
Fischersen,Germany,Europe
Fischerov,Germany,Europe
Fischerez,Germany,Europe
Fischerian,Germany,Europe
AlWeber,Germany,Europe
DeWeber,Germany,Europe
ElWeber,Germany,Europe
LaWeber,Germany,Europe
SanWeber,Germany,Europe
VanWeber,Germany,Europe
VonWeber,Germany,Europe
DiWeber,Germany,Europe
LeWeber,Germany,Europe
O'Weber,Germany,Europe
Webera,Germany,Europe
Webere,Germany,Europe
Weberi,Germany,Europe
Webero,Germany,Europe
Weberu,Germany,Europe
Weberson,Germany,Europe
Webersen,Germany,Europe
Weberov,Germany,Europe
Weberez,Germany,Europe
Weberian,Germany,Europe
AlMeyer,Germany,Europe
DeMeyer,Germany,Europe
ElMeyer,Germany,Europe
LaMeyer,Germany,Europe
SanMeyer,Germany,Europe
VanMeyer,Germany,Europe
VonMeyer,Germany,Europe
DiMeyer,Germany,Europe
LeMeyer,Germany,Europe
O'Meyer,Germany,Europe
Meyera,Germany,Europe
Meyere,Germany,Europe
Meyeri,Germany,Europe
Meyero,Germany,Europe
Meyeru,Germany,Europe
Okafor,Nigeria,Africa
Ibrahim,Nigeria,Africa
Abubakar,Nigeria,Africa
Muhammed,Nigeria,Africa
Yusuf,Nigeria,Africa
Aliyu,Nigeria,Africa
Bello,Nigeria,Africa
Sule,Nigeria,Africa
Garba,Nigeria,Africa
Adamu,Nigeria,Africa
AlOkafor,Nigeria,Africa
DeOkafor,Nigeria,Africa
ElOkafor,Nigeria,Africa
LaOkafor,Nigeria,Africa
SanOkafor,Nigeria,Africa
VanOkafor,Nigeria,Africa
VonOkafor,Nigeria,Africa
DiOkafor,Nigeria,Africa
LeOkafor,Nigeria,Africa
O'Okafor,Nigeria,Africa
Okafora,Nigeria,Africa
Okafore,Nigeria,Africa
Okafori,Nigeria,Africa
Okaforo,Nigeria,Africa
Okaforu,Nigeria,Africa
Okaforson,Nigeria,Africa
Okaforsen,Nigeria,Africa
Okaforov,Nigeria,Africa
Okaforez,Nigeria,Africa
Okaforian,Nigeria,Africa
AlIbrahim,Nigeria,Africa
DeIbrahim,Nigeria,Africa
ElIbrahim,Nigeria,Africa
LaIbrahim,Nigeria,Africa
SanIbrahim,Nigeria,Africa
VanIbrahim,Nigeria,Africa
VonIbrahim,Nigeria,Africa
DiIbrahim,Nigeria,Africa
LeIbrahim,Nigeria,Africa
O'Ibrahim,Nigeria,Africa
Ibrahima,Nigeria,Africa
Ibrahime,Nigeria,Africa
Ibrahimi,Nigeria,Africa
Ibrahimo,Nigeria,Africa
Ibrahimu,Nigeria,Africa
Ibrahimson,Nigeria,Africa
Ibrahimsen,Nigeria,Africa
Ibrahimov,Nigeria,Africa
Ibrahimez,Nigeria,Africa
Ibrahimian,Nigeria,Africa
AlAbubakar,Nigeria,Africa
DeAbubakar,Nigeria,Africa
ElAbubakar,Nigeria,Africa
LaAbubakar,Nigeria,Africa
SanAbubakar,Nigeria,Africa
VanAbubakar,Nigeria,Africa
VonAbubakar,Nigeria,Africa
DiAbubakar,Nigeria,Africa
LeAbubakar,Nigeria,Africa
O'Abubakar,Nigeria,Africa
Abubakara,Nigeria,Africa
Abubakare,Nigeria,Africa
Abubakari,Nigeria,Africa
Abubakaro,Nigeria,Africa
Abubakaru,Nigeria,Africa
Abubakarson,Nigeria,Africa
Abubakarsen,Nigeria,Africa
Abubakarov,Nigeria,Africa
Abubakarez,Nigeria,Africa
Abubakarian,Nigeria,Africa
AlMuhammed,Nigeria,Africa
DeMuhammed,Nigeria,Africa
ElMuhammed,Nigeria,Africa
LaMuhammed,Nigeria,Africa
SanMuhammed,Nigeria,Africa
VanMuhammed,Nigeria,Africa
VonMuhammed,Nigeria,Africa
DiMuhammed,Nigeria,Africa
LeMuhammed,Nigeria,Africa
O'Muhammed,Nigeria,Africa
Muhammeda,Nigeria,Africa
Muhammede,Nigeria,Africa
Muhammedi,Nigeria,Africa
Muhammedo,Nigeria,Africa
Muhammedu,Nigeria,Africa
Muhammedson,Nigeria,Africa
Muhammedsen,Nigeria,Africa
Muhammedov,Nigeria,Africa
Muhammedez,Nigeria,Africa
Muhammedian,Nigeria,Africa
AlYusuf,Nigeria,Africa
DeYusuf,Nigeria,Africa
ElYusuf,Nigeria,Africa
LaYusuf,Nigeria,Africa
SanYusuf,Nigeria,Africa
VanYusuf,Nigeria,Africa
VonYusuf,Nigeria,Africa
DiYusuf,Nigeria,Africa
LeYusuf,Nigeria,Africa
O'Yusuf,Nigeria,Africa
Yusufa,Nigeria,Africa
Yusufe,Nigeria,Africa
Yusufi,Nigeria,Africa
Yusufo,Nigeria,Africa
Yusufu,Nigeria,Africa
Yusufson,Nigeria,Africa
Yusufsen,Nigeria,Africa
Yusufov,Nigeria,Africa
Yusufez,Nigeria,Africa
Yusufian,Nigeria,Africa
AlAliyu,Nigeria,Africa
DeAliyu,Nigeria,Africa
ElAliyu,Nigeria,Africa
LaAliyu,Nigeria,Africa
SanAliyu,Nigeria,Africa
VanAliyu,Nigeria,Africa
VonAliyu,Nigeria,Africa
DiAliyu,Nigeria,Africa
LeAliyu,Nigeria,Africa
O'Aliyu,Nigeria,Africa
Aliyua,Nigeria,Africa
Aliyue,Nigeria,Africa
Aliyui,Nigeria,Africa
Aliyuo,Nigeria,Africa
Aliyuu,Nigeria,Africa
Mwangi,Kenya,Africa
Njoroge,Kenya,Africa
Kamau,Kenya,Africa
Otieno,Kenya,Africa
Omondi,Kenya,Africa
Wanjala,Kenya,Africa
Odhiambo,Kenya,Africa
Kibet,Kenya,Africa
Cheruiyot,Kenya,Africa
Kiplagat,Kenya,Africa
AlMwangi,Kenya,Africa
DeMwangi,Kenya,Africa
ElMwangi,Kenya,Africa
LaMwangi,Kenya,Africa
SanMwangi,Kenya,Africa
VanMwangi,Kenya,Africa
VonMwangi,Kenya,Africa
DiMwangi,Kenya,Africa
LeMwangi,Kenya,Africa
O'Mwangi,Kenya,Africa
Mwangia,Kenya,Africa
Mwangie,Kenya,Africa
Mwangii,Kenya,Africa
Mwangio,Kenya,Africa
Mwangiu,Kenya,Africa
Mwangison,Kenya,Africa
Mwangisen,Kenya,Africa
Mwangiov,Kenya,Africa
Mwangiez,Kenya,Africa
Mwangiian,Kenya,Africa
AlNjoroge,Kenya,Africa
DeNjoroge,Kenya,Africa
ElNjoroge,Kenya,Africa
LaNjoroge,Kenya,Africa
SanNjoroge,Kenya,Africa
VanNjoroge,Kenya,Africa
VonNjoroge,Kenya,Africa
DiNjoroge,Kenya,Africa
LeNjoroge,Kenya,Africa
O'Njoroge,Kenya,Africa
Njorogea,Kenya,Africa
Njorogee,Kenya,Africa
Njorogei,Kenya,Africa
Njorogeo,Kenya,Africa
Njorogeu,Kenya,Africa
Njorogeson,Kenya,Africa
Njorogesen,Kenya,Africa
Njorogeov,Kenya,Africa
Njorogeez,Kenya,Africa
Njorogeian,Kenya,Africa
AlKamau,Kenya,Africa
DeKamau,Kenya,Africa
ElKamau,Kenya,Africa
LaKamau,Kenya,Africa
SanKamau,Kenya,Africa
VanKamau,Kenya,Africa
VonKamau,Kenya,Africa
DiKamau,Kenya,Africa
LeKamau,Kenya,Africa
O'Kamau,Kenya,Africa
Kamaua,Kenya,Africa
Kamaue,Kenya,Africa
Kamaui,Kenya,Africa
Kamauo,Kenya,Africa
Kamauu,Kenya,Africa
Kamauson,Kenya,Africa
Kamausen,Kenya,Africa
Kamauov,Kenya,Africa
Kamauez,Kenya,Africa
Kamauian,Kenya,Africa
AlOtieno,Kenya,Africa
DeOtieno,Kenya,Africa
ElOtieno,Kenya,Africa
LaOtieno,Kenya,Africa
SanOtieno,Kenya,Africa
VanOtieno,Kenya,Africa
VonOtieno,Kenya,Africa
DiOtieno,Kenya,Africa
LeOtieno,Kenya,Africa
O'Otieno,Kenya,Africa
Otienoa,Kenya,Africa
Otienoe,Kenya,Africa
Otienoi,Kenya,Africa
Otienoo,Kenya,Africa
Otienou,Kenya,Africa
Otienoson,Kenya,Africa
Otienosen,Kenya,Africa
Otienoov,Kenya,Africa
Otienoez,Kenya,Africa
Otienoian,Kenya,Africa
AlOmondi,Kenya,Africa
DeOmondi,Kenya,Africa
ElOmondi,Kenya,Africa
LaOmondi,Kenya,Africa
SanOmondi,Kenya,Africa
VanOmondi,Kenya,Africa
VonOmondi,Kenya,Africa
DiOmondi,Kenya,Africa
LeOmondi,Kenya,Africa
O'Omondi,Kenya,Africa
Omondia,Kenya,Africa
Omondie,Kenya,Africa
Omondii,Kenya,Africa
Omondio,Kenya,Africa
Omondiu,Kenya,Africa
Omondison,Kenya,Africa
Omondisen,Kenya,Africa
Omondiov,Kenya,Africa
Omondiez,Kenya,Africa
Omondiian,Kenya,Africa
AlWanjala,Kenya,Africa
DeWanjala,Kenya,Africa
ElWanjala,Kenya,Africa
LaWanjala,Kenya,Africa
SanWanjala,Kenya,Africa
VanWanjala,Kenya,Africa
VonWanjala,Kenya,Africa
DiWanjala,Kenya,Africa
LeWanjala,Kenya,Africa
O'Wanjala,Kenya,Africa
Wanjalaa,Kenya,Africa
Wanjalae,Kenya,Africa
Wanjalai,Kenya,Africa
Wanjalao,Kenya,Africa
Wanjalau,Kenya,Africa
Wang,China,Asia
Li,China,Asia
Zhang,China,Asia
Liu,China,Asia
Chen,China,Asia
Yang,China,Asia
Huang,China,Asia
Zhao,China,Asia
Wu,China,Asia
Zhou,China,Asia
AlWang,China,Asia
DeWang,China,Asia
ElWang,China,Asia
LaWang,China,Asia
SanWang,China,Asia
VanWang,China,Asia
VonWang,China,Asia
DiWang,China,Asia
LeWang,China,Asia
O'Wang,China,Asia
Wanga,China,Asia
Wange,China,Asia
Wangi,China,Asia
Wango,China,Asia
Wangu,China,Asia
Wangson,China,Asia
Wangsen,China,Asia
Wangov,China,Asia
Wangez,China,Asia
Wangian,China,Asia
AlLi,China,Asia
DeLi,China,Asia
ElLi,China,Asia
LaLi,China,Asia
SanLi,China,Asia
VanLi,China,Asia
VonLi,China,Asia
DiLi,China,Asia
LeLi,China,Asia
O'Li,China,Asia
Lia,China,Asia
Lie,China,Asia
Lii,China,Asia
Lio,China,Asia
Lison,China,Asia
Lisen,China,Asia
Liov,China,Asia
Liez,China,Asia
Liian,China,Asia
AlZhang,China,Asia
DeZhang,China,Asia
ElZhang,China,Asia
LaZhang,China,Asia
SanZhang,China,Asia
VanZhang,China,Asia
VonZhang,China,Asia
DiZhang,China,Asia
LeZhang,China,Asia
O'Zhang,China,Asia
Zhanga,China,Asia
Zhange,China,Asia
Zhangi,China,Asia
Zhango,China,Asia
Zhangu,China,Asia
Zhangson,China,Asia
Zhangsen,China,Asia
Zhangov,China,Asia
Zhangez,China,Asia
Zhangian,China,Asia
AlLiu,China,Asia
DeLiu,China,Asia
ElLiu,China,Asia
LaLiu,China,Asia
SanLiu,China,Asia
VanLiu,China,Asia
VonLiu,China,Asia
DiLiu,China,Asia
LeLiu,China,Asia
O'Liu,China,Asia
Liua,China,Asia
Liue,China,Asia
Liui,China,Asia
Liuo,China,Asia
Liuu,China,Asia
Liuson,China,Asia
Liusen,China,Asia
Liuov,China,Asia
Liuez,China,Asia
Liuian,China,Asia
AlChen,China,Asia
DeChen,China,Asia
ElChen,China,Asia
LaChen,China,Asia
SanChen,China,Asia
VanChen,China,Asia
VonChen,China,Asia
DiChen,China,Asia
LeChen,China,Asia
O'Chen,China,Asia
Chena,China,Asia
Chene,China,Asia
Cheni,China,Asia
Cheno,China,Asia
Chenu,China,Asia
Chenson,China,Asia
Chensen,China,Asia
Chenov,China,Asia
Chenez,China,Asia
Chenian,China,Asia
AlYang,China,Asia
DeYang,China,Asia
ElYang,China,Asia
LaYang,China,Asia
SanYang,China,Asia
VanYang,China,Asia
VonYang,China,Asia
DiYang,China,Asia
LeYang,China,Asia
O'Yang,China,Asia
Yanga,China,Asia
Yange,China,Asia
Yangi,China,Asia
Yango,China,Asia
Yangu,China,Asia
Yangson,China,Asia
Singh,India,Asia
Kumar,India,Asia
Sharma,India,Asia
Verma,India,Asia
Gupta,India,Asia
Patel,India,Asia
Reddy,India,Asia
Yadav,India,Asia
Jain,India,Asia
Agarwal,India,Asia
AlSingh,India,Asia
DeSingh,India,Asia
ElSingh,India,Asia
LaSingh,India,Asia
SanSingh,India,Asia
VanSingh,India,Asia
VonSingh,India,Asia
DiSingh,India,Asia
LeSingh,India,Asia
O'Singh,India,Asia
Singha,India,Asia
Singhe,India,Asia
Singhi,India,Asia
Singho,India,Asia
Singhu,India,Asia
Singhson,India,Asia
Singhsen,India,Asia
Singhov,India,Asia
Singhez,India,Asia
Singhian,India,Asia
AlKumar,India,Asia
DeKumar,India,Asia
ElKumar,India,Asia
LaKumar,India,Asia
SanKumar,India,Asia
VanKumar,India,Asia
VonKumar,India,Asia
DiKumar,India,Asia
LeKumar,India,Asia
O'Kumar,India,Asia
Kumara,India,Asia
Kumare,India,Asia
Kumari,India,Asia
Kumaro,India,Asia
Kumaru,India,Asia
Kumarson,India,Asia
Kumarsen,India,Asia
Kumarov,India,Asia
Kumarez,India,Asia
Kumarian,India,Asia
AlSharma,India,Asia
DeSharma,India,Asia
ElSharma,India,Asia
LaSharma,India,Asia
SanSharma,India,Asia
VanSharma,India,Asia
VonSharma,India,Asia
DiSharma,India,Asia
LeSharma,India,Asia
O'Sharma,India,Asia
Sharmaa,India,Asia
Sharmae,India,Asia
Sharmai,India,Asia
Sharmao,India,Asia
Sharmau,India,Asia
Sharmason,India,Asia
Sharmasen,India,Asia
Sharmaov,India,Asia
Sharmaez,India,Asia
Sharmaian,India,Asia
AlVerma,India,Asia
DeVerma,India,Asia
ElVerma,India,Asia
LaVerma,India,Asia
SanVerma,India,Asia
VanVerma,India,Asia
VonVerma,India,Asia
DiVerma,India,Asia
LeVerma,India,Asia
O'Verma,India,Asia
Vermaa,India,Asia
Vermae,India,Asia
Vermai,India,Asia
Vermao,India,Asia
Vermau,India,Asia
Vermason,India,Asia
Vermasen,India,Asia
Vermaov,India,Asia
Vermaez,India,Asia
Vermaian,India,Asia
AlGupta,India,Asia
DeGupta,India,Asia
ElGupta,India,Asia
LaGupta,India,Asia
SanGupta,India,Asia
VanGupta,India,Asia
VonGupta,India,Asia
DiGupta,India,Asia
LeGupta,India,Asia
O'Gupta,India,Asia
Guptaa,India,Asia
Guptae,India,Asia
Guptai,India,Asia
Guptao,India,Asia
Guptau,India,Asia
Guptason,India,Asia
Guptasen,India,Asia
Guptaov,India,Asia
Guptaez,India,Asia
Guptaian,India,Asia
AlPatel,India,Asia
DePatel,India,Asia
ElPatel,India,Asia
LaPatel,India,Asia
SanPatel,India,Asia
VanPatel,India,Asia
VonPatel,India,Asia
DiPatel,India,Asia
LePatel,India,Asia
O'Patel,India,Asia
Patela,India,Asia
Patele,India,Asia
Pateli,India,Asia
Patelo,India,Asia
Patelu,India,Asia
Sato,Japan,Asia
Suzuki,Japan,Asia
Takahashi,Japan,Asia
Tanaka,Japan,Asia
Watanabe,Japan,Asia
Ito,Japan,Asia
Yamamoto,Japan,Asia
Nakamura,Japan,Asia
Kobayashi,Japan,Asia
Kato,Japan,Asia
AlSato,Japan,Asia
DeSato,Japan,Asia
ElSato,Japan,Asia
LaSato,Japan,Asia
SanSato,Japan,Asia
VanSato,Japan,Asia
VonSato,Japan,Asia
DiSato,Japan,Asia
LeSato,Japan,Asia
O'Sato,Japan,Asia
Satoa,Japan,Asia
Satoe,Japan,Asia
Satoi,Japan,Asia
Satoo,Japan,Asia
Satou,Japan,Asia
Satoson,Japan,Asia
Satosen,Japan,Asia
Satoov,Japan,Asia
Satoez,Japan,Asia
Satoian,Japan,Asia
AlSuzuki,Japan,Asia
DeSuzuki,Japan,Asia
ElSuzuki,Japan,Asia
LaSuzuki,Japan,Asia
SanSuzuki,Japan,Asia
VanSuzuki,Japan,Asia
VonSuzuki,Japan,Asia
DiSuzuki,Japan,Asia
LeSuzuki,Japan,Asia
O'Suzuki,Japan,Asia
Suzukia,Japan,Asia
Suzukie,Japan,Asia
Suzukii,Japan,Asia
Suzukio,Japan,Asia
Suzukiu,Japan,Asia
Suzukison,Japan,Asia
Suzukisen,Japan,Asia
Suzukiov,Japan,Asia
Suzukiez,Japan,Asia
Suzukiian,Japan,Asia
AlTakahashi,Japan,Asia
DeTakahashi,Japan,Asia
ElTakahashi,Japan,Asia
LaTakahashi,Japan,Asia
SanTakahashi,Japan,Asia
VanTakahashi,Japan,Asia
VonTakahashi,Japan,Asia
DiTakahashi,Japan,Asia
LeTakahashi,Japan,Asia
O'Takahashi,Japan,Asia
Takahashia,Japan,Asia
Takahashie,Japan,Asia
Takahashii,Japan,Asia
Takahashio,Japan,Asia
Takahashiu,Japan,Asia
Takahashison,Japan,Asia
Takahashisen,Japan,Asia
Takahashiov,Japan,Asia
Takahashiez,Japan,Asia
Takahashiian,Japan,Asia
AlTanaka,Japan,Asia
DeTanaka,Japan,Asia
ElTanaka,Japan,Asia
LaTanaka,Japan,Asia
SanTanaka,Japan,Asia
VanTanaka,Japan,Asia
VonTanaka,Japan,Asia
DiTanaka,Japan,Asia
LeTanaka,Japan,Asia
O'Tanaka,Japan,Asia
Tanakaa,Japan,Asia
Tanakae,Japan,Asia
Tanakai,Japan,Asia
Tanakao,Japan,Asia
Tanakau,Japan,Asia
Tanakason,Japan,Asia
Tanakasen,Japan,Asia
Tanakaov,Japan,Asia
Tanakaez,Japan,Asia
Tanakaian,Japan,Asia
AlWatanabe,Japan,Asia
DeWatanabe,Japan,Asia
ElWatanabe,Japan,Asia
LaWatanabe,Japan,Asia
SanWatanabe,Japan,Asia
VanWatanabe,Japan,Asia
VonWatanabe,Japan,Asia
DiWatanabe,Japan,Asia
LeWatanabe,Japan,Asia
O'Watanabe,Japan,Asia
Watanabea,Japan,Asia
Watanabee,Japan,Asia
Watanabei,Japan,Asia
Watanabeo,Japan,Asia
Watanabeu,Japan,Asia
Watanabeson,Japan,Asia
Watanabesen,Japan,Asia
Watanabeov,Japan,Asia
Watanabeez,Japan,Asia
Watanabeian,Japan,Asia
AlIto,Japan,Asia
DeIto,Japan,Asia
ElIto,Japan,Asia
LaIto,Japan,Asia
SanIto,Japan,Asia
VanIto,Japan,Asia
VonIto,Japan,Asia
DiIto,Japan,Asia
LeIto,Japan,Asia
O'Ito,Japan,Asia
Itoa,Japan,Asia
Itoe,Japan,Asia
Itoi,Japan,Asia
Itoo,Japan,Asia
Itou,Japan,Asia
Kim,South Korea,Asia
Lee,South Korea,Asia
Park,South Korea,Asia
Choi,South Korea,Asia
Jung,South Korea,Asia
Kang,South Korea,Asia
Cho,South Korea,Asia
Yoon,South Korea,Asia
Jang,South Korea,Asia
Lim,South Korea,Asia
AlKim,South Korea,Asia
DeKim,South Korea,Asia
ElKim,South Korea,Asia
LaKim,South Korea,Asia
SanKim,South Korea,Asia
VanKim,South Korea,Asia
VonKim,South Korea,Asia
DiKim,South Korea,Asia
LeKim,South Korea,Asia
O'Kim,South Korea,Asia
Kima,South Korea,Asia
Kime,South Korea,Asia
Kimi,South Korea,Asia
Kimo,South Korea,Asia
Kimu,South Korea,Asia
Kimson,South Korea,Asia
Kimsen,South Korea,Asia
Kimov,South Korea,Asia
Kimez,South Korea,Asia
Kimian,South Korea,Asia
AlLee,South Korea,Asia
DeLee,South Korea,Asia
ElLee,South Korea,Asia
LaLee,South Korea,Asia
SanLee,South Korea,Asia
VanLee,South Korea,Asia
VonLee,South Korea,Asia
DiLee,South Korea,Asia
LeLee,South Korea,Asia
O'Lee,South Korea,Asia
Leea,South Korea,Asia
Leee,South Korea,Asia
Leei,South Korea,Asia
Leeo,South Korea,Asia
Leeu,South Korea,Asia
Leeson,South Korea,Asia
Leesen,South Korea,Asia
Leeov,South Korea,Asia
Leeez,South Korea,Asia
Leeian,South Korea,Asia
AlPark,South Korea,Asia
DePark,South Korea,Asia
ElPark,South Korea,Asia
LaPark,South Korea,Asia
SanPark,South Korea,Asia
VanPark,South Korea,Asia
VonPark,South Korea,Asia
DiPark,South Korea,Asia
LePark,South Korea,Asia
O'Park,South Korea,Asia
Parka,South Korea,Asia
Parke,South Korea,Asia
Parki,South Korea,Asia
Parko,South Korea,Asia
Parku,South Korea,Asia
Parkson,South Korea,Asia
Parksen,South Korea,Asia
Parkov,South Korea,Asia
Parkez,South Korea,Asia
Parkian,South Korea,Asia
AlChoi,South Korea,Asia
DeChoi,South Korea,Asia
ElChoi,South Korea,Asia
LaChoi,South Korea,Asia
SanChoi,South Korea,Asia
VanChoi,South Korea,Asia
VonChoi,South Korea,Asia
DiChoi,South Korea,Asia
LeChoi,South Korea,Asia
O'Choi,South Korea,Asia
Choia,South Korea,Asia
Choie,South Korea,Asia
Choii,South Korea,Asia
Choio,South Korea,Asia
Choiu,South Korea,Asia
Choison,South Korea,Asia
Choisen,South Korea,Asia
Choiov,South Korea,Asia
Choiez,South Korea,Asia
Choiian,South Korea,Asia
AlJung,South Korea,Asia
DeJung,South Korea,Asia
ElJung,South Korea,Asia
LaJung,South Korea,Asia
SanJung,South Korea,Asia
VanJung,South Korea,Asia
VonJung,South Korea,Asia
DiJung,South Korea,Asia
LeJung,South Korea,Asia
O'Jung,South Korea,Asia
Junga,South Korea,Asia
Junge,South Korea,Asia
Jungi,South Korea,Asia
Jungo,South Korea,Asia
Jungu,South Korea,Asia
Jungson,South Korea,Asia
Jungsen,South Korea,Asia
Jungov,South Korea,Asia
Jungez,South Korea,Asia
Jungian,South Korea,Asia
AlKang,South Korea,Asia
DeKang,South Korea,Asia
ElKang,South Korea,Asia
LaKang,South Korea,Asia
SanKang,South Korea,Asia
VanKang,South Korea,Asia
VonKang,South Korea,Asia
DiKang,South Korea,Asia
LeKang,South Korea,Asia
O'Kang,South Korea,Asia
Kanga,South Korea,Asia
Kange,South Korea,Asia
Kangi,South Korea,Asia
Kango,South Korea,Asia
Kangu,South Korea,Asia
